cntry,country,year,pop,unempl,gdp,gov_debt,date,exports,imports,debt_share_country,debt_share_year
BEL,Belgium,1991,10,6.4,171.1604,NA,1991-01-01,102.0142,99.463,NA,0.5702138121917117
BGR,Bulgaria,1991,8.63,NA,4.42781,NA,1991-01-01,1.57706,1.04864,NA,0.5702138121917117
CZE,Czech Republic,1991,10.31,NA,25.1827,NA,1991-01-01,9.7615,8.3461,NA,0.5702138121917117
DNK,Denmark,1991,5.15,7.9,112.6055,NA,1991-01-01,42.4326,35.4302,NA,0.5702138121917117
DEU,Germany,1991,80.01,5.6,1506.671,NA,1991-01-01,357.531,365.288,NA,0.5702138121917117
EST,Estonia,1991,1.56,NA,NA,NA,1991-01-01,NA,NA,NA,0.5702138121917117
IRL,Ireland,1991,3.53,14.7,40.3278,NA,1991-01-01,22.3928,20.4898,NA,0.5702138121917117
GRC,Greece,1991,10.32,7.1,85.0924,NA,1991-01-01,12.08284,20.75683,NA,0.5702138121917117
ESP,Spain,1991,38.97,15.5,465.557,NA,1991-01-01,73.7264,91.5967,NA,0.5702138121917117
FRA,France,1991,58.46,8.1,1032.017,NA,1991-01-01,218.4614,221.8685,NA,0.5702138121917117
HRV,Croatia,1991,4.69,NA,NA,NA,1991-01-01,NA,NA,NA,0.5702138121917117
ITA,Italy,1991,56.76,8.5,1005.013,947.8,1991-01-01,171.7484,169.7797,0.9430723781682425,0.5702138121917117
CYP,Cyprus,1991,0.6,NA,5.23251,NA,1991-01-01,3.52797,4.04737,NA,0.5702138121917117
LVA,Latvia,1991,2.65,0.5,NA,NA,1991-01-01,NA,NA,NA,0.5702138121917117
LTU,Lithuania,1991,3.7,0.3,NA,NA,1991-01-01,NA,NA,NA,0.5702138121917117
LUX,Luxembourg,1991,0.39,1.6,11.5827,NA,1991-01-01,11.3158,9.9606,NA,0.5702138121917117
HUN,Hungary,1991,10.37,NA,18.2107,NA,1991-01-01,5.2484,5.3934,NA,0.5702138121917117
MLT,Malta,1991,0.36,4.7,2.29976,NA,1991-01-01,2.60717,2.76356,NA,0.5702138121917117
NLD,Netherlands,1991,15.07,5.7,261.5725,NA,1991-01-01,145.1324,131.2196,NA,0.5702138121917117
AUT,Austria,1991,7.75,3.5,140.273,NA,1991-01-01,48.6383,49.8159,NA,0.5702138121917117
POL,Poland,1991,38.25,NA,44.8633,NA,1991-01-01,9.55,10.2717,NA,0.5702138121917117
PRT,Portugal,1991,9.96,5,72.534,NA,1991-01-01,18.42948,25.18363,NA,0.5702138121917117
ROM,Romania,1991,23,NA,16.0921,NA,1991-01-01,2.61308,3.1801,NA,0.5702138121917117
SVN,Slovenia,1991,2,NA,10.04382,NA,1991-01-01,7.40522,6.66453,NA,0.5702138121917117
SVK,Slovakia,1991,5.3,NA,NA,NA,1991-01-01,NA,NA,NA,0.5702138121917117
FIN,Finland,1991,5.01,6.6,103.3669,20.4,1991-01-01,21.96971,22.95035,0.19735524621518105,0.5702138121917117
SWE,Sweden,1991,8.62,3.1,217.195,NA,1991-01-01,58.7594,55.0514,NA,0.5702138121917117
GBR,United Kingdom,1991,57.42,8.6,995.758,NA,1991-01-01,202.2899,205.6765,NA,0.5702138121917117
BEL,Belgium,1992,10.05,7.1,182.4542,NA,1992-01-01,106.1804,102.2105,NA,0.5251686016132976
BGR,Bulgaria,1992,8.54,NA,4.34449,NA,1992-01-01,1.67767,1.39017,NA,0.5251686016132976
CZE,Czech Republic,1992,10.32,NA,26.4467,NA,1992-01-01,10.6333,10.3155,NA,0.5251686016132976
DNK,Denmark,1992,5.17,8.6,118.195,NA,1992-01-01,43.6782,35.5147,NA,0.5251686016132976
DEU,Germany,1992,80.62,6.6,1641.212,NA,1992-01-01,365.395,373.972,NA,0.5251686016132976
EST,Estonia,1992,1.53,NA,NA,NA,1992-01-01,NA,NA,NA,0.5251686016132976
IRL,Ireland,1992,3.56,15.4,43.2475,NA,1992-01-01,25.234,22.0949,NA,0.5251686016132976
GRC,Greece,1992,10.4,7.9,89.6837,NA,1992-01-01,13.34345,21.47353,NA,0.5251686016132976
ESP,Spain,1992,39.16,17,486.067,NA,1992-01-01,79.0605,95.9844,NA,0.5251686016132976
FRA,France,1992,58.75,9,1088.897,NA,1992-01-01,230.2931,223.3106,NA,0.5251686016132976
HRV,Croatia,1992,4.58,NA,NA,NA,1992-01-01,NA,NA,NA,0.5251686016132976
ITA,Italy,1992,56.8,8.8,1016.379,920.7,1992-01-01,178.2091,177.7358,0.9058628720191976,0.5251686016132976
CYP,Cyprus,1992,0.61,NA,5.96281,NA,1992-01-01,4.24509,4.89934,NA,0.5251686016132976
LVA,Latvia,1992,2.61,3,1.37283,NA,1992-01-01,0.80262,0.79335,NA,0.5251686016132976
LTU,Lithuania,1992,3.7,1.4,1.66621,NA,1992-01-01,0.2895,0.25987,NA,0.5251686016132976
LUX,Luxembourg,1992,0.39,2.1,12.41857,NA,1992-01-01,12.0097,10.0667,NA,0.5251686016132976
HUN,Hungary,1992,10.37,NA,17.6541,NA,1992-01-01,4.8838,4.9163,NA,0.5251686016132976
MLT,Malta,1992,0.37,5.2,2.41392,NA,1992-01-01,2.89177,2.92848,NA,0.5251686016132976
NLD,Netherlands,1992,15.18,5.7,277.009,NA,1992-01-01,148.8642,135.137,NA,0.5251686016132976
AUT,Austria,1992,7.84,3.5,150.4227,NA,1992-01-01,49.9935,51.9394,NA,0.5251686016132976
POL,Poland,1992,38.36,13.4,43.2261,NA,1992-01-01,9.2709,8.6222,NA,0.5251686016132976
PRT,Portugal,1992,9.95,5,83.3669,NA,1992-01-01,19.4891,27.0669,NA,0.5251686016132976
ROM,Romania,1992,22.79,8.3,9.4989,NA,1992-01-01,2.43525,3.1552,NA,0.5251686016132976
SVN,Slovenia,1992,2,NA,10.2843,NA,1992-01-01,5.73154,5.16396,NA,0.5251686016132976
SVK,Slovakia,1992,5.31,NA,NA,NA,1992-01-01,NA,NA,NA,0.5251686016132976
FIN,Finland,1992,5.04,11.7,86.8787,31.2,1992-01-01,22.17427,21.43912,0.35912139569307555,0.5251686016132976
SWE,Sweden,1992,8.67,5.6,215.9947,NA,1992-01-01,57.946,54.1804,NA,0.5251686016132976
GBR,United Kingdom,1992,57.58,9.8,978.032,303.7,1992-01-01,202.318,208.666,0.31052153712761954,0.5251686016132976
BEL,Belgium,1993,10.08,8.6,193.1241,NA,1993-01-01,107.2276,101.7355,NA,0.6891622400852141
BGR,Bulgaria,1993,8.47,NA,10.21869,NA,1993-01-01,3.1996000000000002,2.83,NA,0.6891622400852141
CZE,Czech Republic,1993,10.33,4.2,34.5139,NA,1993-01-01,13.9044,13.5175,NA,0.6891622400852141
DNK,Denmark,1993,5.19,9.6,122.2697,NA,1993-01-01,44.7094,35.5056,NA,0.6891622400852141
DEU,Germany,1993,81.16,7.8,1766.104,NA,1993-01-01,359.48,358.341,NA,0.6891622400852141
EST,Estonia,1993,1.49,6.6,1.48843,NA,1993-01-01,0.9827,1.04205,NA,0.6891622400852141
IRL,Ireland,1993,3.58,15.6,44.4197,NA,1993-01-01,28.1196,23.6238,NA,0.6891622400852141
GRC,Greece,1993,10.46,8.6,92.8823,NA,1993-01-01,13.0478,21.34254,NA,0.6891622400852141
ESP,Spain,1993,39.36,20.8,446.903,NA,1993-01-01,79.523,85.8041,NA,0.6891622400852141
FRA,France,1993,59,10.1,1135.574,NA,1993-01-01,234.0438,215.3203,NA,0.6891622400852141
HRV,Croatia,1993,4.6,NA,8.86383,NA,1993-01-01,NA,NA,NA,0.6891622400852141
ITA,Italy,1993,56.83,9.7,907.164,972.9,1993-01-01,185.6307,157.9605,1.0724631929838486,0.6891622400852141
CYP,Cyprus,1993,0.63,NA,6.32147,NA,1993-01-01,4.28016,4.09158,NA,0.6891622400852141
LVA,Latvia,1993,2.56,6.7,2.26369,NA,1993-01-01,1.21238,1.0201,NA,0.6891622400852141
LTU,Lithuania,1993,3.68,4.8,2.38899,NA,1993-01-01,1.46713,1.68923,NA,0.6891622400852141
LUX,Luxembourg,1993,0.4,2.6,14.09326,NA,1993-01-01,13.6661,11.2322,NA,0.6891622400852141
HUN,Hungary,1993,10.36,NA,34.1781,NA,1993-01-01,7.9407,10.3876,NA,0.6891622400852141
MLT,Malta,1993,0.37,5.7,2.39611,NA,1993-01-01,2.97763,3.08343,NA,0.6891622400852141
NLD,Netherlands,1993,15.29,6.5,298.0233,NA,1993-01-01,157.8649,138.5277,NA,0.6891622400852141
AUT,Austria,1993,7.91,4,162.1488,NA,1993-01-01,51.1415,51.6461,NA,0.6891622400852141
POL,Poland,1993,38.46,14.1,82.1211,NA,1993-01-01,17.0465,16.2307,NA,0.6891622400852141
PRT,Portugal,1993,9.96,6.3,80.8658,NA,1993-01-01,18.62287,24.81241,NA,0.6891622400852141
ROM,Romania,1993,22.76,10.6,24.0076,NA,1993-01-01,5.09741,6.16561,NA,0.6891622400852141
SVN,Slovenia,1993,1.99,NA,11.51116,NA,1993-01-01,5.96918,5.93209,NA,0.6891622400852141
SVK,Slovakia,1993,5.33,NA,11.74456,NA,1993-01-01,6.47565,7.00713,NA,0.6891622400852141
FIN,Finland,1993,5.07,16.3,76.137,42.7,1993-01-01,23.88137,20.38299,0.5608311333517213,0.6891622400852141
SWE,Sweden,1993,8.72,9.1,179.1514,NA,1993-01-01,56.0878,50.0426,NA,0.6891622400852141
GBR,United Kingdom,1993,57.72,10.2,972.38,422.2,1993-01-01,218.2313,221.3954,0.4341923939200724,0.6891622400852141
BEL,Belgium,1994,10.12,9.8,207.7132,NA,1994-01-01,120.0908,113.3553,NA,0.7072383123121622
BGR,Bulgaria,1994,8.44,NA,9.01443,NA,1994-01-01,3.32826,2.48855,NA,0.7072383123121622
CZE,Czech Republic,1994,10.33,4.2,39.9227,NA,1994-01-01,14.9396,15.4029,NA,0.7072383123121622
DNK,Denmark,1994,5.21,7.7,131.6783,NA,1994-01-01,48.526,40.7263,NA,0.7072383123121622
DEU,Germany,1994,81.44,8.4,1860.057,NA,1994-01-01,393.123,389.458,NA,0.7072383123121622
EST,Estonia,1994,1.46,7.6,2.05687,NA,1994-01-01,1.46326,1.67394,NA,0.7072383123121622
IRL,Ireland,1994,3.59,14.3,48.1537,NA,1994-01-01,32.693,28.156,NA,0.7072383123121622
GRC,Greece,1994,10.51,8.9,98.2176,NA,1994-01-01,14.18858,21.33052,NA,0.7072383123121622
ESP,Spain,1994,39.55,22,446.014,NA,1994-01-01,91.0241,94.9416,NA,0.7072383123121622
FRA,France,1994,59.21,10.4,1182.191,NA,1994-01-01,253.7204,236.5946,NA,0.7072383123121622
HRV,Croatia,1994,4.65,NA,12.55276,NA,1994-01-01,NA,NA,NA,0.7072383123121622
ITA,Italy,1994,56.84,10.6,922.514,1036.7,1994-01-01,202.3934,171.9571,1.1237769833303344,0.7072383123121622
CYP,Cyprus,1994,0.64,NA,7.03645,NA,1994-01-01,4.78366,4.569,NA,0.7072383123121622
LVA,Latvia,1994,2.52,13.1,3.76638,NA,1994-01-01,1.27953,1.32244,NA,0.7072383123121622
LTU,Lithuania,1994,3.66,4.2,3.74586,NA,1994-01-01,1.54322,1.79967,NA,0.7072383123121622
LUX,Luxembourg,1994,0.4,3.2,15.46135,NA,1994-01-01,15.4893,12.4881,NA,0.7072383123121622
HUN,Hungary,1994,10.34,NA,36.186,NA,1994-01-01,9.208,11.2477,NA,0.7072383123121622
MLT,Malta,1994,0.37,5.6,2.61263,NA,1994-01-01,3.29203,3.42099,NA,0.7072383123121622
NLD,Netherlands,1994,15.38,7.2,315.6356,NA,1994-01-01,173.9426,152.687,NA,0.7072383123121622
AUT,Austria,1994,7.94,4.3,171.295,NA,1994-01-01,55.219,58.0375,NA,0.7072383123121622
POL,Poland,1994,38.54,14.4,93.2149,NA,1994-01-01,19.9435,18.032,NA,0.7072383123121622
PRT,Portugal,1994,9.99,7.6,83.8798,NA,1994-01-01,20.6007,27.0312,NA,0.7072383123121622
ROM,Romania,1994,22.73,11.1,26.7965,NA,1994-01-01,6.15541,6.63061,NA,0.7072383123121622
SVN,Slovenia,1994,1.99,NA,12.8901,NA,1994-01-01,6.82328,6.65673,NA,0.7072383123121622
SVK,Slovakia,1994,5.35,NA,13.37627,NA,1994-01-01,7.7789,7.08645,NA,0.7072383123121622
FIN,Finland,1994,5.09,16.6,87.1753,52,1994-01-01,29.66445,24.74614,0.596499237742801,0.7072383123121622
SWE,Sweden,1994,8.78,9.4,190.3765,NA,1994-01-01,65.6618,57.943600000000004,NA,0.7072383123121622
GBR,United Kingdom,1994,57.87,9.3,1027.305,412.4,1994-01-01,242.5829,242.6769,0.40143871586335117,0.7072383123121622
BEL,Belgium,1995,10.14,9.7,221.4305,288,1995-01-01,131.7234,124.0535,1.300633833189195,0.5094988472651621
BGR,Bulgaria,1995,8.41,10,11.03419,NA,1995-01-01,4.69522,3.32814,NA,0.5094988472651621
CZE,Czech Republic,1995,10.33,3.9,45.5417,6.14,1995-01-01,18.4724,19.8879,0.13482149326880638,0.5094988472651621
DNK,Denmark,1995,5.23,6.7,141.4407,NA,1995-01-01,51.8607,45.1997,NA,0.5094988472651621
DEU,Germany,1995,81.68,8.2,1982.061,1079.9,1995-01-01,436.181,426.902,0.5448369147064597,0.5094988472651621
EST,Estonia,1995,1.44,9.8,2.90229,0.236,1995-01-01,1.9692,2.18687,0.08131509945594685,0.5094988472651621
IRL,Ireland,1995,3.61,12.3,52.9336,41.3,1995-01-01,38.8783,33.0948,0.7802227696585912,0.5094988472651621
GRC,Greece,1995,10.56,9.2,104.662,100.8,1995-01-01,15.09779,23.74005,0.9631002656169383,0.5094988472651621
ESP,Spain,1995,39.72,20.7,468.879,295.6,1995-01-01,102.8337,107.3659,0.6304398362903862,0.5094988472651621
FRA,France,1995,59.42,10.2,1231.446,696.3,1995-01-01,275.9166,256.9548,0.5654328326211624,0.5094988472651621
HRV,Croatia,1995,4.62,NA,17.12958,NA,1995-01-01,4.72978,6.14851,NA,0.5094988472651621
ITA,Italy,1995,56.84,11.2,895.337,1070.6,1995-01-01,221.5913,188.6969,1.195750873693369,0.5094988472651621
CYP,Cyprus,1995,0.65,NA,7.59606,3.59,1995-01-01,5.07132,5.13694,0.47261343380647336,0.5094988472651621
LVA,Latvia,1995,2.49,14.9,4.13689,0.56,1995-01-01,1.43,1.6262,0.1353673895124115,0.5094988472651621
LTU,Lithuania,1995,3.63,6.8,5.1241,0.59,1995-01-01,1.90332,2.4479,0.11514217130813215,0.5094988472651621
LUX,Luxembourg,1995,0.41,2.9,16.50835,1.4,1995-01-01,16.917,13.5599,0.08480556809129924,0.5094988472651621
HUN,Hungary,1995,10.33,9.7,35.3655,26.76,1995-01-01,13.884,13.8725,0.756669635661874,0.5094988472651621
MLT,Malta,1995,0.38,4.8,2.82901,0.968,1995-01-01,3.45908,3.7259,0.3421691687197995,0.5094988472651621
NLD,Netherlands,1995,15.46,8.3,341.5855,250.3,1995-01-01,196.7906,173.4055,0.7327594409013263,0.5094988472651621
AUT,Austria,1995,7.95,4.2,183.907,124.4,1995-01-01,61.8187,63.959,0.6764288471890684,0.5094988472651621
POL,Poland,1995,38.59,13.2,108.716,50.5,1995-01-01,24.9618,22.5236,0.4645130431583208,0.5094988472651621
PRT,Portugal,1995,10.03,7.9,91.0246,53,1995-01-01,24.36324,30.1669,0.5822601802150188,0.5094988472651621
ROM,Romania,1995,22.68,9.7,28.765,1.49,1995-01-01,7.3281,8.76659,0.051799061359290806,0.5094988472651621
SVN,Slovenia,1995,1.99,6.8,16.27975,2.79,1995-01-01,7.42468,7.79093,0.17137855311045933,0.5094988472651621
SVK,Slovakia,1995,5.36,12.1,15.25937,3.3,1995-01-01,8.64976,8.3245,0.21626056645851038,0.5094988472651621
FIN,Finland,1995,5.11,15.4,102.6508,56.5,1995-01-01,36.71041,29.05711,0.5504097386479209,0.5094988472651621
SWE,Sweden,1995,8.83,8.8,201.8408,150.6,1995-01-01,76.7053,63.8306,0.7461325955901879,0.5094988472651621
GBR,United Kingdom,1995,58.02,8.5,1009.48,446.4,1995-01-01,256.7348,253.8463,0.4422078693981059,0.5094988472651621
BEL,Belgium,1996,10.16,9.5,221.6638,278,1996-01-01,133.9805,127.7168,1.2541515574487128,0.5112168292856054
BGR,Bulgaria,1996,8.36,9.5,7.98787,NA,1996-01-01,4.7111,3.62569,NA,0.5112168292856054
CZE,Czech Republic,1996,10.32,3.8,52.605,6.14,1996-01-01,20.2202,22.7846,0.11671894306624846,0.5112168292856054
DNK,Denmark,1996,5.26,6.3,147.8426,NA,1996-01-01,54.8775,46.5044,NA,0.5112168292856054
DEU,Germany,1996,81.91,8.9,1973.017,1115.7,1996-01-01,451.991,435.802,0.5654791621156837,0.5112168292856054
EST,Estonia,1996,1.42,10.2,3.73855,0.277,1996-01-01,2.31022,2.70301,0.0740928969787752,0.5112168292856054
IRL,Ireland,1996,3.64,11.7,59.76,44.4,1996-01-01,44.7206,38.1858,0.7429718875502008,0.5112168292856054
GRC,Greece,1996,10.61,9.6,114.9082,115,1996-01-01,16.41688,26.66936,1.0007988985990557,0.5112168292856054
ESP,Spain,1996,39.89,19.9,505.108,324.3,1996-01-01,116.7729,117.2355,0.6420409100627985,0.5112168292856054
FRA,France,1996,59.62,10.5,1271.857,751.2,1996-01-01,290.2688,268.5413,0.5906324374516947,0.5112168292856054
HRV,Croatia,1996,4.56,NA,18.65712,NA,1996-01-01,5.73329,6.9515,NA,0.5112168292856054
ITA,Italy,1996,56.86,11.2,1031.004,1227.8,1996-01-01,244.9967,198.1581,1.1908780179320353,0.5112168292856054
CYP,Cyprus,1996,0.66,NA,7.89,3.9,1996-01-01,5.53947,5.57368,0.49429657794676807,0.5112168292856054
LVA,Latvia,1996,2.46,15.9,4.69952,0.62,1996-01-01,1.90098,2.32469,0.13192836715239004,0.5112168292856054
LTU,Lithuania,1996,3.6,7.7,6.60388,0.93,1996-01-01,2.7697,3.38342,0.1408263021133031,0.5112168292856054
LUX,Luxembourg,1996,0.41,2.9,17.15641,1.37,1996-01-01,18.2757,14.3956,0.07985353579216165,0.5112168292856054
HUN,Hungary,1996,10.31,9.9,36.6638,24.54,1996-01-01,15.3823,15.1967,0.6693250563225852,0.5112168292856054
MLT,Malta,1996,0.38,5.2,2.99758,1.177,1996-01-01,3.42041,3.70099,0.3926500710573196,0.5112168292856054
NLD,Netherlands,1996,15.53,7.7,351.1592,246.3,1996-01-01,202.4281,180.7878,0.7013912778022049,0.5112168292856054
AUT,Austria,1996,7.96,4.7,186.5497,124.4,1996-01-01,64.0351,66.9351,0.6668464221598855,0.5112168292856054
POL,Poland,1996,38.62,12.1,126.0028,50.8,1996-01-01,27.8399,29.4607,0.4031656439380712,0.5112168292856054
PRT,Portugal,1996,10.06,8,96.6268,57.4,1996-01-01,25.65132,32.52594,0.5940380929514378,0.5112168292856054
ROM,Romania,1996,22.62,7,29.2273,2.33,1996-01-01,7.68168,9.96561,0.07971998781960701,0.5112168292856054
SVN,Slovenia,1996,1.99,6.9,16.92471,3.54,1996-01-01,7.81741,8.02881,0.20916163408412905,0.5112168292856054
SVK,Slovakia,1996,5.37,11.1,16.99027,5.05,1996-01-01,8.88367,10.69308,0.29722894338936345,0.5112168292856054
FIN,Finland,1996,5.12,14.6,104.1187,57.7,1996-01-01,37.82386,30.62043,0.5541751865899209,0.5112168292856054
SWE,Sweden,1996,8.84,9.6,226.9041,157.3,1996-01-01,83.5764,69.5584,0.6932444147108845,0.5112168292856054
GBR,United Kingdom,1996,58.17,7.9,1097.201,542.9,1996-01-01,285.4283,283.4573,0.4948045071048969,0.5112168292856054
BEL,Belgium,1997,10.18,9.2,224.8914,275.5,1997-01-01,143.6984,135.9914,1.2250357283559976,0.5143652508364632
BGR,Bulgaria,1997,8.31,11.9,9.90231,9.27,1997-01-01,4.96196,3.69199,0.936145202483057,0.5143652508364632
CZE,Czech Republic,1997,10.3,4.7,54.3637,6.24,1997-01-01,22.0573,24.3204,0.11478247433489626,0.5143652508364632
DNK,Denmark,1997,5.28,5.2,153.1519,NA,1997-01-01,57.9094,51.2361,NA,0.5143652508364632
DEU,Germany,1997,82.03,9.6,1958.528,1142.5,1997-01-01,497.309,474.141,0.5833462682177636,0.5143652508364632
EST,Estonia,1997,1.4,9.6,4.47578,0.311,1997-01-01,3.20499,3.6734,0.0694850953353382,0.5143652508364632
IRL,Ireland,1997,3.67,9.9,73.0837,43.6,1997-01-01,56.3928,47.6331,0.5965762543494652,0.5143652508364632
GRC,Greece,1997,10.66,9.8,126.3538,124.6,1997-01-01,20.49744,29.12703,0.9861199267453767,0.5143652508364632
ESP,Spain,1997,40.06,18.4,519.607,331.6,1997-01-01,133.8183,132.7,0.6381746204342899,0.5143652508364632
FRA,France,1997,59.83,10.7,1289.316,787.8,1997-01-01,325.4579,288.0156,0.6110216579954022,0.5143652508364632
HRV,Croatia,1997,4.53,NA,21.02652,NA,1997-01-01,6.58527,9.29948,NA,0.5143652508364632
ITA,Italy,1997,56.89,11.2,1093.807,1236.2,1997-01-01,264.7043,224.0277,1.1301811014191718,0.5143652508364632
CYP,Cyprus,1997,0.67,5.2,8.41417,4.48,1997-01-01,5.82147,5.93858,0.5324351659165432,0.5143652508364632
LVA,Latvia,1997,2.43,15.4,5.74917,0.62,1997-01-01,2.28326,2.8031,0.10784165366478987,0.5143652508364632
LTU,Lithuania,1997,3.58,6.5,8.92426,1.41,1997-01-01,4.01295,4.91215,0.15799629325008457,0.5143652508364632
LUX,Luxembourg,1997,0.42,2.7,17.41481,1.39,1997-01-01,20.1745,16.498,0.07981712117444864,0.5143652508364632
HUN,Hungary,1997,10.29,9.1,41.6358,24.34,1997-01-01,19.9798,19.5641,0.5845930665436955,0.5143652508364632
MLT,Malta,1997,0.38,6.1,3.33149,1.569,1997-01-01,3.68541,3.84743,0.47096044112394153,0.5143652508364632
NLD,Netherlands,1997,15.61,6.5,363.7889,237.9,1997-01-01,220.7528,197.1777,0.6539506840368137,0.5143652508364632
AUT,Austria,1997,7.97,4.7,187.442,117.8,1997-01-01,69.5588,71.0095,0.6284610706245132,0.5143652508364632
POL,Poland,1997,38.65,10.9,140.4392,56.9,1997-01-01,32.8057,38.0794,0.40515753436362495,0.5143652508364632
PRT,Portugal,1997,10.11,7.5,103.3326,56,1997-01-01,28.05007,36.31304,0.5419393298920185,0.5143652508364632
ROM,Romania,1997,22.55,6.1,31.67,4.33,1997-01-01,8.86433,11.00549,0.1367224502683928,0.5143652508364632
SVN,Slovenia,1997,1.99,6.9,18.30836,3.92,1997-01-01,8.71364,8.92208,0.21410983834707203,0.5143652508364632
SVK,Slovakia,1997,5.38,11.5,19.2991,6.31,1997-01-01,10.6275,12.44281,0.3269582519392096,0.5143652508364632
FIN,Finland,1997,5.14,12.7,111.9637,57.5,1997-01-01,42.32333,34.10739,0.5135593053820122,0.5143652508364632
SWE,Sweden,1997,8.85,9.9,233.409,157,1997-01-01,93.4843,77.2643,0.6726390156335017,0.5143652508364632
GBR,United Kingdom,1997,58.32,6.8,1356.131,617.7,1997-01-01,345.9275,340.3981,0.45548696991662313,0.5143652508364632
BEL,Belgium,1998,10.2,9.3,232.869,277.2,1998-01-01,147.6324,139.924,1.1903688339796195,0.4925572443461043
BGR,Bulgaria,1998,8.26,10.9,13.08008,9.13,1998-01-01,5.63584,4.71705,0.6980079632540475,0.4925572443461043
CZE,Czech Republic,1998,10.29,6.5,59.4359,8.48,1998-01-01,25.1315,25.2932,0.14267471343077165,0.4925572443461043
DNK,Denmark,1998,5.3,4.9,158.1465,NA,1998-01-01,58.8839,54.0225,NA,0.4925572443461043
DEU,Germany,1998,82.05,9.4,2004.598,1199.3,1998-01-01,530.284,503.745,0.5982745667709934,0.4925572443461043
EST,Estonia,1998,1.39,9.2,5.01668,0.304,1998-01-01,3.7314600000000002,4.21641,0.06059784558712136,0.4925572443461043
IRL,Ireland,1998,3.71,7.5,80.4873,41.4,1998-01-01,68.002,59.1742,0.5143668628466851,0.4925572443461043
GRC,Greece,1998,10.72,11.1,129.0572,126.1,1998-01-01,21.03192,33.51834,0.9770861292512157,0.4925572443461043
ESP,Spain,1998,40.22,16.4,551.397,346.4,1998-01-01,144.3736,147.1184,0.6282224966766231,0.4925572443461043
FRA,France,1998,60.05,10.3,1350.164,829.4,1998-01-01,348.2855,313.3722,0.6142957448132227,0.4925572443461043
HRV,Croatia,1998,4.53,NA,22.70404,NA,1998-01-01,6.69446,8.23649,NA,0.4925572443461043
ITA,Italy,1998,56.91,11.3,1131.194,1258.2,1998-01-01,272.8744,238.5382,1.112276055212457,0.4925572443461043
CYP,Cyprus,1998,0.68,5.1,9.15253,4.98,1998-01-01,6.28759,6.06012,0.5441118466697187,0.4925572443461043
LVA,Latvia,1998,2.41,14,6.41019,0.57,1998-01-01,2.51208,3.28553,0.08892092122074384,0.4925572443461043
LTU,Lithuania,1998,3.55,13.2,10.02643,1.59,1998-01-01,3.92282,5.06606,0.15858087075858507,0.4925572443461043
LUX,Luxembourg,1998,0.42,2.7,18.05847,1.4,1998-01-01,22.7859,19.2705,0.07752594765780267,0.4925572443461043
HUN,Hungary,1998,10.27,8.7,43.3679,24.79,1998-01-01,22.9704,23.6283,0.5716209454458251,0.4925572443461043
MLT,Malta,1998,0.39,6.2,3.55054,1.79,1998-01-01,3.91751,4.01103,0.5041486647101568,0.4925572443461043
NLD,Netherlands,1998,15.71,5.1,386.5175,244.6,1998-01-01,230.8839,207.2142,0.6328303375655695,0.4925572443461043
AUT,Austria,1998,7.98,4.7,194.4967,124.6,1998-01-01,74.7889,75.1443,0.6406278358450297,0.4925572443461043
POL,Poland,1998,38.66,10.2,154.7488,57,1998-01-01,40.2069,47.4746,0.36833888211087906,0.4925572443461043
PRT,Portugal,1998,10.16,6.1,110.7153,57.7,1998-01-01,30.24946,40.39874,0.5211565158564354,0.4925572443461043
ROM,Romania,1998,22.51,6.3,37.3143,4.85,1998-01-01,8.5304,11.42427,0.12997697933500024,0.4925572443461043
SVN,Slovenia,1998,1.98,7.4,19.76597,4.43,1998-01-01,9.3969,9.73163,0.2241225702558488,0.4925572443461043
SVK,Slovakia,1998,5.39,12.7,20.3153,6.29,1998-01-01,9.47854,11.63357,0.30961885869270944,0.4925572443461043
FIN,Finland,1998,5.15,11.4,119.6419,56.4,1998-01-01,44.8267,35.35529,0.47140675632867746,0.4925572443461043
SWE,Sweden,1998,8.85,8.2,237.893,149.4,1998-01-01,97.601,82.5882,0.628013434611359,0.4925572443461043
GBR,United Kingdom,1998,58.49,6.1,1449.229,578.7,1998-01-01,346.4817,358.1754,0.39931577411161384,0.4925572443461043
BEL,Belgium,1999,10.23,8.5,244.226,279.4,1999-01-01,156.057,146.776,1.1440223399638039,0.5100657261132167
BGR,Bulgaria,1999,8.21,12.3,12.68017,9.65,1999-01-01,5.47387,6.05972,0.7610308063693152,0.5100657261132167
CZE,Czech Republic,1999,10.28,8.7,60.6573,9.42,1999-01-01,26.0938,26.3495,0.1552987027117923,0.5100657261132167
DNK,Denmark,1999,5.32,5.2,166.9717,NA,1999-01-01,65.7761,55.7583,NA,0.5100657261132167
DEU,Germany,1999,82.1,8.6,2064.88,1238.6,1999-01-01,558.369,543.646,0.5998411529967842,0.5100657261132167
EST,Estonia,1999,1.39,11.3,5.3787,0.348,1999-01-01,3.77759,4.01464,0.06469964861397735,0.5100657261132167
IRL,Ireland,1999,3.75,5.7,92.7164,43.2,1999-01-01,80.4016,68.1184,0.46593698633682934,0.5100657261132167
GRC,Greece,1999,10.76,12,139.9434,136.5,1999-01-01,26.94762,39.35422,0.9753943379966472,0.5100657261132167
ESP,Spain,1999,40.39,13.6,594.316,362.2,1999-01-01,156.883,168.434,0.6094400958412696,0.5100657261132167
FRA,France,1999,60.35,10,1408.159,847.5,1999-01-01,362.177,331.102,0.6018496490808211,0.5100657261132167
HRV,Croatia,1999,4.51,NA,21.93881,NA,1999-01-01,6.68197,8.00995,NA,0.5100657261132167
ITA,Italy,1999,56.92,10.9,1171.901,1285.1,1999-01-01,272.4728,251.6622,1.0965943368936453,0.5100657261132167
CYP,Cyprus,1999,0.69,5.4,9.83964,5.42,1999-01-01,6.58538,6.32526,0.5508331605627849,0.5100657261132167
LVA,Latvia,1999,2.39,14.1,7.04586,0.9,1999-01-01,2.46825,3.15938,0.1277345845645528,0.5100657261132167
LTU,Lithuania,1999,3.52,14.6,10.29351,2.48,1999-01-01,3.33657,4.36427,0.24092850737989277,0.5100657261132167
LUX,Luxembourg,1999,0.43,2.4,20.87064,1.41,1999-01-01,27.305,22.6211,0.0675590207104334,0.5100657261132167
HUN,Hungary,1999,10.24,6.9,46.0418,27.34,1999-01-01,25.6115,26.8523,0.5938082351254729,0.5100657261132167
MLT,Malta,1999,0.39,6.7,3.83509,2.442,1999-01-01,4.30897,4.39726,0.6367516798823496,0.5100657261132167
NLD,Netherlands,1999,15.81,4.2,414.838,242.9,1999-01-01,249.9,227.729,0.585529773068041,0.5100657261132167
AUT,Austria,1999,7.99,4.2,203.4183,135.1,1999-01-01,80.2296,79.2083,0.6641487024520409,0.5100657261132167
POL,Poland,1999,38.47,13.4,159.2672,63.1,1999-01-01,38.4224,47.6162,0.3961895481304374,0.5100657261132167
PRT,Portugal,1999,10.22,5.5,119.6392,61.1,1999-01-01,31.67072,44.05271,0.5107021778814971,0.5100657261132167
ROM,Romania,1999,22.47,7.1,33.9423,6.53,1999-01-01,9.40374,10.93673,0.1923853127218839,0.5100657261132167
SVN,Slovenia,1999,1.98,7.3,21.2075,4.92,1999-01-01,9.36263,10.28169,0.23199339856182954,0.5100657261132167
SVK,Slovakia,1999,5.4,16.5,19.49154,9.55,1999-01-01,9.2543,10.11182,0.48995615533713605,0.5100657261132167
FIN,Finland,1999,5.17,10.2,126.923,55.9,1999-01-01,47.726,36.343,0.44042450934818744,0.5100657261132167
SWE,Sweden,1999,8.86,6.7,254.0844,160.7,1999-01-01,104.2708,88.8572,0.6324670070260118,0.5100657261132167
GBR,United Kingdom,1999,58.68,5.9,1550.251,660.7,1999-01-01,368.1281,392.6736,0.42618904938619623,0.5100657261132167
BEL,Belgium,2000,10.25,6.9,258.222,280.9,2000-01-01,185.552,178.745,1.0878236556141614,0.4808412603073099
BGR,Bulgaria,2000,8.17,16.4,14.3063,10.17,2000-01-01,5.21814,5.98287,0.7108756282197354,0.4808412603073099
CZE,Czech Republic,2000,10.26,8.8,66.6479,11.53,2000-01-01,32.2107,33.4462,0.17299869913380614,0.4808412603073099
DNK,Denmark,2000,5.34,4.3,178.0178,93.1,2000-01-01,79.9113,67.9652,0.5229814097241962,0.4808412603073099
DEU,Germany,2000,82.21,7.9,2116.48,1245.8,2000-01-01,652.501,646.806,0.5886188388267312,0.4808412603073099
EST,Estonia,2000,1.4,14.6,6.17077,0.316,2000-01-01,3.80342,4.00344,0.05120916838579302,0.4808412603073099
IRL,Ireland,2000,3.81,4.3,108.3827,39.1,2000-01-01,102.4091,87.4093,0.36075868196677147,0.4808412603073099
GRC,Greece,2000,10.81,11.2,142.9759,148.2,2000-01-01,33.91156,49.60876,1.036538325689854,0.4808412603073099
ESP,Spain,2000,40.57,11.9,646.25,374.6,2000-01-01,184.932,204.355,0.579651837524178,0.4808412603073099
FRA,France,2000,60.76,8.6,1485.303,870.4,2000-01-01,418.461,402.308,0.5860083767419846,0.4808412603073099
HRV,Croatia,2000,4.4,15.6,23.58338,8.44,2000-01-01,8.60912,9.32767,0.35787915048648666,0.4808412603073099
ITA,Italy,2000,56.94,10,1239.266,1302.5,2000-01-01,317.9683,307.5454,1.051025365014452,0.4808412603073099
CYP,Cyprus,2000,0.69,4.8,10.8045,5.93,2000-01-01,7.55919,7.29656,0.5488453884955342,0.4808412603073099
LVA,Latvia,2000,2.37,14.3,8.60886,1.01,2000-01-01,3.17517,3.86282,0.11732099255882893,0.4808412603073099
LTU,Lithuania,2000,3.5,16.4,12.49131,2.91,2000-01-01,4.81486,5.58719,0.23296195515122115,0.4808412603073099
LUX,Luxembourg,2000,0.44,2.2,23.07942,1.5,2000-01-01,34.2695,28.4953,0.06499296776088828,0.4808412603073099
HUN,Hungary,2000,10.21,6.3,51.2279,27.7,2000-01-01,34.2306,36.097,0.5407209743128256,0.4808412603073099
MLT,Malta,2000,0.39,6.7,4.39488,2.654,2000-01-01,5.24458,5.56076,0.6038845201689239,0.4808412603073099
NLD,Netherlands,2000,15.93,3.7,448.061,232.1,2000-01-01,297.929,268.653,0.5180098245551387,0.4808412603073099
AUT,Austria,2000,8.01,3.9,213.1961,140.4,2000-01-01,92.5905,89.6363,0.6585486319871705,0.4808412603073099
POL,Poland,2000,38.26,16.1,186.3774,70.7,2000-01-01,50.7486,62.5515,0.3793378381713663,0.4808412603073099
PRT,Portugal,2000,10.29,5.1,128.4663,64.6,2000-01-01,36.21575,50.40059,0.5028556127171094,0.4808412603073099
ROM,Romania,2000,22.44,7.6,40.7972,7.53,2000-01-01,13.34699,15.50171,0.18457149020030789,0.4808412603073099
SVN,Slovenia,2000,1.99,6.7,21.92347,5.48,2000-01-01,10.96297,11.7671,0.24996043053403502,0.4808412603073099
SVK,Slovakia,2000,5.39,18.9,22.34685,10.75,2000-01-01,12.08198,12.65585,0.481052139339549,0.4808412603073099
FIN,Finland,2000,5.18,9.8,136.261,57.9,2000-01-01,57.348,44.84,0.42491982298676806,0.4808412603073099
SWE,Sweden,2000,8.87,5.6,281.8597,136.7,2000-01-01,124.2943,107.7534,0.48499306569899847,0.4808412603073099
GBR,United Kingdom,2000,58.89,5.4,1773.425,645.9,2000-01-01,442.7874,476.3226,0.36421049663786176,0.4808412603073099
BEL,Belgium,2001,10.29,6.6,265.788,286,2001-01-01,188.764,179.87,1.0760455701536562,0.4853360476419933
BGR,Bulgaria,2001,8.01,19.5,15.78437,10.27,2001-01-01,5.548,7.03018,0.6506436430468875,0.4853360476419933
CZE,Czech Republic,2001,10.22,8.1,75.2214,18.27,2001-01-01,36.9605,37.9059,0.24288300935637996,0.4853360476419933
DNK,Denmark,2001,5.36,4.5,184.0464,89.5,2001-01-01,83.9166,70.7749,0.48629041372175713,0.4853360476419933
DEU,Germany,2001,82.35,7.8,2179.85,1258.7,2001-01-01,694.733,656.29,0.5774250521824896,0.4853360476419933
EST,Estonia,2001,1.39,13,6.97637,0.333,2001-01-01,4.27972,4.55592,0.04773256005630436,0.4853360476419933
IRL,Ireland,2001,3.87,3.9,121.9406,40.5,2001-01-01,116.2545,97.203,0.33212892178650916,0.4853360476419933
GRC,Greece,2001,10.86,10.7,152.1938,163,2001-01-01,34.68306,50.75851,1.0710028923648662,0.4853360476419933
ESP,Spain,2001,40.85,10.6,699.528,378.9,2001-01-01,194.904,211.341,0.5416509417778844,0.4853360476419933
FRA,France,2001,61.2,7.8,1544.629,897.3,2001-01-01,429.317,409.674,0.5809161941152212,0.4853360476419933
HRV,Croatia,2001,4.3,16,25.96517,9.64,2001-01-01,10.03877,10.95272,0.3712665851985564,0.4853360476419933
ITA,Italy,2001,56.97,9,1298.89,1360.3,2001-01-01,334.2272,317.9225,1.0472788303859448,0.4853360476419933
CYP,Cyprus,2001,0.7,3.9,11.60293,6.57,2001-01-01,7.91422,7.38413,0.5662362868689201,0.4853360476419933
LVA,Latvia,2001,2.34,13.5,9.3615,1.31,2001-01-01,3.56261,4.53452,0.13993483950221655,0.4853360476419933
LTU,Lithuania,2001,3.47,17.4,13.68143,3.19,2001-01-01,6.02566,6.77334,0.23316276149496068,0.4853360476419933
LUX,Luxembourg,2001,0.44,1.9,23.77193,1.64,2001-01-01,35.0492,29.4546,0.0689889293801555,0.4853360476419933
HUN,Hungary,2001,10.19,5.6,59.9531,32.44,2001-01-01,38.9006,39.6387,0.5410896183850376,0.4853360476419933
MLT,Malta,2001,0.39,7.6,4.5411,3,2001-01-01,4.927,5.00264,0.6606328863050802,0.4853360476419933
NLD,Netherlands,2001,16.05,3.1,476.696,234.5,2001-01-01,304.244,272.494,0.49192776947992006,0.4853360476419933
AUT,Austria,2001,8.04,4,220.0957,146.3,2001-01-01,98.367,94.5218,0.6647108507799108,0.4853360476419933
POL,Poland,2001,38.25,18.3,212.4036,83.3,2001-01-01,57.8372,65.5166,0.3921779103555683,0.4853360476419933
PRT,Portugal,2001,10.36,5.1,135.8275,72.6,2001-01-01,37.24934,51.12558,0.5345014816587216,0.4853360476419933
ROM,Romania,2001,22.13,7.4,45.5035,10.92,2001-01-01,14.99671,18.44699,0.23998153988154755,0.4853360476419933
SVN,Slovenia,2001,1.99,6.2,23.24809,6.04,2001-01-01,12.03063,12.27261,0.2598062894629193,0.4853360476419933
SVK,Slovakia,2001,5.38,19.5,23.87163,11.67,2001-01-01,13.79656,15.71252,0.4888648156828838,0.4853360476419933
FIN,Finland,2001,5.19,9.1,144.437,59.2,2001-01-01,57.36,44.13,0.4098672777750853,0.4853360476419933
SWE,Sweden,2001,8.9,5.8,267.758,138.9,2001-01-01,117.1547,100.4688,0.518752007409676,0.4853360476419933
GBR,United Kingdom,2001,59.12,5,1801.932,637,2001-01-01,447.1452,489.128,0.3535094554067523,0.4853360476419933
BEL,Belgium,2002,10.33,7.5,275.065,288,2002-01-01,193.411,178.27,1.047025248577609,0.4743898504780537
BGR,Bulgaria,2002,7.84,18.2,17.34354,8.89,2002-01-01,5.88094,7.27483,0.5125827829843274,0.4743898504780537
CZE,Czech Republic,2002,10.2,7.3,86.8286,21.96,2002-01-01,39.2834,40.3957,0.25291205892989177,0.4743898504780537
DNK,Denmark,2002,5.38,4.6,189.7945,93.2,2002-01-01,86.8199,73.8152,0.49105743317114037,0.4743898504780537
DEU,Germany,2002,82.49,8.6,2209.29,1312.4,2002-01-01,719.655,622.997,0.5940369983116749,0.4743898504780537
EST,Estonia,2002,1.38,11.2,7.77384,0.443,2002-01-01,4.53365,5.11302,0.05698599405184568,0.4743898504780537
IRL,Ireland,2002,3.93,4.5,135.9505,41.5,2002-01-01,123.0087,99.6456,0.3052581638169775,0.4743898504780537
GRC,Greece,2002,10.9,10.3,163.4608,171.4,2002-01-01,32.87663,49.42423,1.0485694429490129,0.4743898504780537
ESP,Spain,2002,41.43,11.5,749.288,384.1,2002-01-01,198.39,213.59,0.5126199805682194,0.4743898504780537
FRA,France,2002,61.64,7.9,1594.259,956.8,2002-01-01,431.084,404.555,0.6001534255099077,0.4743898504780537
HRV,Croatia,2002,4.31,15.3,28.54171,10.36,2002-01-01,10.75208,13.00004,0.3629775510997764,0.4743898504780537
ITA,Italy,2002,57.06,8.5,1345.794,1371.7,2002-01-01,329.3452,319.3063,1.0192496028366897,0.4743898504780537
CYP,Cyprus,2002,0.71,3.5,12.08295,7.25,2002-01-01,7.5404,7.39912,0.6000190350866303,0.4743898504780537
LVA,Latvia,2002,2.31,12.5,10.15661,1.26,2002-01-01,3.7153,4.74502,0.12405714111302885,0.4743898504780537
LTU,Lithuania,2002,3.44,13.8,15.17302,3.37,2002-01-01,7.18323,8.0444,0.22210476226881665,0.4743898504780537
LUX,Luxembourg,2002,0.45,2.6,25.09471,1.7,2002-01-01,35.6256,29.3303,0.06774336105099442,0.4743898504780537
HUN,Hungary,2002,10.16,5.6,71.7061,40.52,2002-01-01,41.6652,43.108,0.5650844209906828,0.4743898504780537
MLT,Malta,2002,0.4,7.4,4.73721,2.926,2002-01-01,5.2879,5.07961,0.6176631392739609,0.4743898504780537
NLD,Netherlands,2002,16.15,3.7,494.501,240.1,2002-01-01,300.413,266.831,0.48553996857438103,0.4743898504780537
AUT,Austria,2002,8.08,4.4,226.3027,150.5,2002-01-01,102.536,94.2566,0.6650384639688347,0.4743898504780537
POL,Poland,2002,38.23,20,210.1448,84.2,2002-01-01,60.4339,67.5957,0.40067610523791214,0.4743898504780537
PRT,Portugal,2002,10.42,6.2,142.6314,80.1,2002-01-01,38.43282,50.22837,0.561587420441782,0.4743898504780537
ROM,Romania,2002,21.73,8.3,48.8109,10.76,2002-01-01,17.19334,19.92695,0.22044256508279914,0.4743898504780537
SVN,Slovenia,2002,1.99,6.3,25.05073,6.71,2002-01-01,13.06585,12.81835,0.26785646565988297,0.4743898504780537
SVK,Slovakia,2002,5.38,18.8,26.30563,11.6,2002-01-01,15.12111,17.02336,0.44097024097122933,0.4743898504780537
FIN,Finland,2002,5.2,9.1,148.289,59.7,2002-01-01,57.96,44.79,0.40259223543216294,0.4743898504780537
SWE,Sweden,2002,8.93,6,280.5213,141,2002-01-01,118.0716,100.3523,0.5026356287383525,0.4743898504780537
GBR,United Kingdom,2002,59.37,5.1,1864.812,625.6,2002-01-01,445.3197,497.7105,0.3354761766869797,0.4743898504780537
BEL,Belgium,2003,10.38,8.2,282.637,285.8,2003-01-01,193.878,179.175,1.0111910330211544,0.47468092920020577
BGR,Bulgaria,2003,7.78,13.7,18.65389,8.13,2003-01-01,6.46976,8.38342,0.4358340271117713,0.47468092920020577
CZE,Czech Republic,2003,10.19,7.8,87.96,24.33,2003-01-01,41.3955,42.455,0.2766030013642565,0.47468092920020577
DNK,Denmark,2003,5.39,5.4,193.3536,89.1,2003-01-01,84.8385,71.6999,0.46081376297105403,0.47468092920020577
DEU,Germany,2003,82.53,9.7,2220.08,1400.3,2003-01-01,723.557,642.217,0.6307430362869807,0.47468092920020577
EST,Estonia,2003,1.37,10.3,8.70888,0.49,2003-01-01,4.99851,5.73762,0.056264410578627785,0.47468092920020577
IRL,Ireland,2003,4,4.6,145.5566,43.6,2003-01-01,117.6847,95.6297,0.29953983536301343,0.47468092920020577
GRC,Greece,2003,10.93,9.7,178.9049,181.5,2003-01-01,33.17717,53.0372,1.0145054719015523,0.47468092920020577
ESP,Spain,2003,42.19,11.5,803.472,382.8,2003-01-01,204.462,222.273,0.4764322838879264,0.47468092920020577
FRA,France,2003,62.08,8.5,1637.438,1050.3,2003-01-01,419.362,401.518,0.6414288663143276,0.47468092920020577
HRV,Croatia,2003,4.31,14.1,30.70281,11.59,2003-01-01,11.94036,14.22431,0.3774898779623103,0.47468092920020577
ITA,Italy,2003,57.31,8.4,1390.71,1397.5,2003-01-01,324.88,318.5824,1.0048823981994808,0.47468092920020577
CYP,Cyprus,2003,0.72,4.1,12.87137,8.09,2003-01-01,7.43475,7.23915,0.6285267224856406,0.47468092920020577
LVA,Latvia,2003,2.29,11.6,10.47934,1.39,2003-01-01,3.78501,5.09946,0.13264194119095285,0.47468092920020577
LTU,Lithuania,2003,3.42,12.4,16.66872,3.4,2003-01-01,7.6959,8.66045,0.20397487029597952,0.47468092920020577
LUX,Luxembourg,2003,0.45,3.8,26.18779,1.79,2003-01-01,36.3749,30.1686,0.0683524650228217,0.47468092920020577
HUN,Hungary,2003,10.13,5.8,75.2207,41.84,2003-01-01,42.4487,45.4122,0.5562298675763454,0.47468092920020577
MLT,Malta,2003,0.4,7.7,4.79465,3.27,2003-01-01,5.16485,5.1232,0.6820101571543283,0.47468092920020577
NLD,Netherlands,2003,16.23,4.8,506.671,251.8,2003-01-01,302.53,268.259,0.49696943381405295,0.47468092920020577
AUT,Austria,2003,8.12,4.8,230.9992,151.9,2003-01-01,102.9802,96.8158,0.6575780349022854,0.47468092920020577
POL,Poland,2003,38.2,19.8,192.2753,83.8,2003-01-01,64.2032,69.3076,0.4358334117798802,0.47468092920020577
PRT,Portugal,2003,10.46,7.4,146.1583,85.7,2003-01-01,39.09984,49.23569,0.5863505527910492,0.47468092920020577
ROM,Romania,2003,21.57,7.7,52.9316,10.31,2003-01-01,18.28412,22.21517,0.19477967792396225,0.47468092920020577
SVN,Slovenia,2003,2,6.7,26.30309,6.94,2003-01-01,13.38718,13.4705,0.2638473274432776,0.47468092920020577
SVK,Slovakia,2003,5.37,17.7,30.06453,12.6,2003-01-01,18.69799,19.2684,0.41909851908544715,0.47468092920020577
FIN,Finland,2003,5.21,9,151.569,64.9,2003-01-01,56.484,46.64,0.4281878220480442,0.47468092920020577
SWE,Sweden,2003,8.96,6.6,293.4436,146.4,2003-01-01,121.0288,102.423,0.4989033667798514,0.47468092920020577
GBR,United Kingdom,2003,59.65,5,1795.464,632.1,2003-01-01,423.676,467.5869,0.35205384234938714,0.47468092920020577
BEL,Belgium,2004,10.42,8.4,298.711,288.3,2004-01-01,210.203,196.157,0.9651469145762962,0.47741371804586114
BGR,Bulgaria,2004,7.72,12.1,20.93249,7.53,2004-01-01,8.63927,10.99135,0.3597278680176128,0.47741371804586114
CZE,Czech Republic,2004,10.2,8.3,95.8782,28.56,2004-01-01,55.063,54.2827,0.2978779326270205,0.47741371804586114
DNK,Denmark,2004,5.4,5.5,202.4232,89.4,2004-01-01,88.9967,77.5615,0.441648980946848,0.47741371804586114
DEU,Germany,2004,82.52,10.4,2270.62,1470.6,2004-01-01,804.899,690.443,0.6476645145378795,0.47741371804586114
EST,Estonia,2004,1.36,10.1,9.70766,0.491,2004-01-01,5.97198,6.73658,0.0505786152378637,0.47741371804586114
IRL,Ireland,2004,4.07,4.5,156.144,44.1,2004-01-01,125.7527,103.3057,0.28243160159852443,0.47741371804586114
GRC,Greece,2004,10.96,10.6,193.7158,199.3,2004-01-01,40.11489,56.54628,1.028826765808468,0.47741371804586114
ESP,Spain,2004,42.92,11,861.42,389.9,2004-01-01,216.896,250.101,0.4526247359011864,0.47741371804586114
FRA,France,2004,62.53,8.9,1710.76,1123.5,2004-01-01,443.241,432.613,0.6567256657859665,0.47741371804586114
HRV,Croatia,2004,4.31,13.8,33.46466,13.22,2004-01-01,13.20327,15.21656,0.3950436071963677,0.47741371804586114
ITA,Italy,2004,57.69,8,1448.363,1449.7,2004-01-01,348.5181,340.0863,1.0009231111261472,0.47741371804586114
CYP,Cyprus,2004,0.73,4.6,13.93787,8.96,2004-01-01,7.92929,7.94658,0.6428528892865266,0.47741371804586114
LVA,Latvia,2004,2.26,11.7,11.672790000000001,1.59,2004-01-01,4.56188,6.37708,0.13621422127871743,0.47741371804586114
LTU,Lithuania,2004,3.38,10.9,18.2374,3.4,2004-01-01,8.63481,9.91821,0.1864300832355489,0.47741371804586114
LUX,Luxembourg,2004,0.46,5,27.93553,2.03,2004-01-01,42.7513,35.8057,0.07266731649623256,0.47741371804586114
HUN,Hungary,2004,10.11,6.1,83.5411,49.99,2004-01-01,49.9147,53.1952,0.5983880987920915,0.47741371804586114
MLT,Malta,2004,0.4,7.2,4.86717,3.452,2004-01-01,5.03578,5.10055,0.7092417154116253,0.47741371804586114
NLD,Netherlands,2004,16.28,5.7,523.939,261.3,2004-01-01,332.889,291.375,0.4987221794903606,0.47741371804586114
AUT,Austria,2004,8.17,5.5,241.505,157.2,2004-01-01,113.3052,106.3058,0.6509182004513364,0.47741371804586114
POL,Poland,2004,38.18,19.1,206.1215,102.9,2004-01-01,70.6272,76.1585,0.4992201201718404,0.47741371804586114
PRT,Portugal,2004,10.48,7.8,152.3716,94.5,2004-01-01,41.52794,54.105,0.6201943144260479,0.47741371804586114
ROM,Romania,2004,21.45,8,61.4045,11.77,2004-01-01,21.88278,27.37233,0.19167976288382774,0.47741371804586114
SVN,Slovenia,2004,2,6.3,27.73666,7.43,2004-01-01,15.2458,15.64649,0.26787652154224767,0.47741371804586114
SVK,Slovakia,2004,5.37,18.4,34.70228,14.57,2004-01-01,23.84479,24.79455,0.4198571390698248,0.47741371804586114
FIN,Finland,2004,5.23,8.8,158.477,67.7,2004-01-01,61.155,51.35,0.4271913274481471,0.47741371804586114
SWE,Sweden,2004,8.99,7.4,307.4318,151.6,2004-01-01,133.5697,110.2048,0.49311749792962206,0.47741371804586114
GBR,United Kingdom,2004,59.99,4.7,1922.725,718.7,2004-01-01,451.3594,503.5167,0.37379240400993385,0.47741371804586114
BEL,Belgium,2005,10.48,8.5,311.481,294.7,2005-01-01,229.005,217.585,0.9461251248069705,0.4690370339635849
BGR,Bulgaria,2005,7.66,10.1,23.8527,6.39,2005-01-01,10.22409,13.74716,0.26789420065652947,0.4690370339635849
CZE,Czech Republic,2005,10.21,7.9,109.394,31.47,2005-01-01,68.1686,65.5938,0.28767574089986653,0.4690370339635849
DNK,Denmark,2005,5.42,4.8,212.831,79.5,2005-01-01,100.9928,89.2776,0.3735358101028516,0.4690370339635849
DEU,Germany,2005,82.47,11.2,2300.86,1541.4,2005-01-01,868.355,751.938,0.6699234199386317,0.4690370339635849
EST,Estonia,2005,1.35,8,11.2623,0.512,2005-01-01,7.42252,7.99744,0.04546140663985154,0.4690370339635849
IRL,Ireland,2005,4.16,4.4,170.2158,44.4,2005-01-01,135.4413,116.9105,0.26084535043162854,0.4690370339635849
GRC,Greece,2005,10.99,10,199.2423,214,2005-01-01,42.46298,58.95308,1.0740691108263656,0.4690370339635849
ESP,Spain,2005,43.65,9.2,930.566,393.5,2005-01-01,229.55,276.074,0.42286092550125404,0.4690370339635849
FRA,France,2005,63,8.9,1771.978,1189.8,2005-01-01,467.25,474.592,0.6714530315839136,0.4690370339635849
HRV,Croatia,2005,4.31,13,36.50839,15.12,2005-01-01,14.3462,16.58658,0.4141513772587616,0.4690370339635849
ITA,Italy,2005,57.97,7.7,1489.725,1518.6,2005-01-01,367.2421,368.8881,1.0193827719881186,0.4690370339635849
CYP,Cyprus,2005,0.74,5.3,15.03924,9.5,2005-01-01,8.3757,8.45584,0.6316808562134789,0.4690370339635849
LVA,Latvia,2005,2.24,10,13.72643,1.61,2005-01-01,5.92644,7.91439,0.11729196885133279,0.4690370339635849
LTU,Lithuania,2005,3.32,8.3,21.00235,3.7,2005-01-01,11.30814,12.82712,0.17617076184331754,0.4690370339635849
LUX,Luxembourg,2005,0.47,4.6,30.03104,2.22,2005-01-01,48.5531,40.8712,0.07392351380438374,0.4690370339635849
HUN,Hungary,2005,10.09,7.2,90.5882,53.72,2005-01-01,56.887,58.9377,0.593013218057098,0.4690370339635849
MLT,Malta,2005,0.4,6.9,5.14214,3.61,2005-01-01,5.36691,5.49264,0.7020423403485707,0.4690370339635849
NLD,Netherlands,2005,16.32,5.9,545.609,268.9,2005-01-01,363.466,316.111,0.4928437764039815,0.4690370339635849
AUT,Austria,2005,8.23,5.6,253.0093,173.6,2005-01-01,123.0404,115.1982,0.6861407861292055,0.4690370339635849
POL,Poland,2005,38.17,17.9,246.1998,119.2,2005-01-01,85.209,87.8078,0.48415961345216363,0.4690370339635849
PRT,Portugal,2005,10.5,8.8,158.6526,106.9,2005-01-01,42.41458,56.85719,0.6737992317806326,0.4690370339635849
ROM,Romania,2005,21.32,7.1,80.2256,12.4,2005-01-01,26.40108,34.51236,0.15456412915578072,0.4690370339635849
SVN,Slovenia,2005,2,6.5,29.23537,7.69,2005-01-01,17.41842,17.60482,0.2630375466429876,0.4690370339635849
SVK,Slovakia,2005,5.37,16.4,39.3483,13.68,2005-01-01,28.34873,30.15409,0.3476643209490626,0.4690370339635849
FIN,Finland,2005,5.25,8.4,164.387,65.8,2005-01-01,66.175,59.791,0.4002749609154008,0.4690370339635849
SWE,Sweden,2005,9.03,7.7,313.2182,151.4,2005-01-01,143.6834,121.2177,0.48336910179548953,0.4690370339635849
GBR,United Kingdom,2005,60.4,4.8,2017.351,806.3,2005-01-01,499.1808,552.5622,0.3996825540027491,0.4690370339635849
BEL,Belgium,2006,10.55,8.3,326.662,297.4,2006-01-01,247.32,235.14,0.9104211692820101,0.4523885534950629
BGR,Bulgaria,2006,7.6,9,27.21088,5.72,2006-01-01,12.87661,17.56144,0.21021003363360538,0.4523885534950629
CZE,Czech Republic,2006,10.24,7.1,123.7448,35.61,2006-01-01,80.795,77.3988,0.2877696678971561,0.4523885534950629
DNK,Denmark,2006,5.44,3.9,225.5314,71.2,2006-01-01,114.4121,105.1803,0.3156988339539417,0.4523885534950629
DEU,Germany,2006,82.38,10.1,2393.25,1591.3,2006-01-01,985.788,858.981,0.6649117309098506,0.4523885534950629
EST,Estonia,2006,1.35,5.9,13.52171,0.596,2006-01-01,8.58473,9.95642,0.04407726537545917,0.4523885534950629
IRL,Ireland,2006,4.27,4.5,185.0607,43.7,2006-01-01,146.1492,131.2652,0.23613873718190845,0.4523885534950629
GRC,Greece,2006,11.02,9,217.8616,225.6,2006-01-01,46.13003,69.01033,1.0355197978900366,0.4523885534950629
ESP,Spain,2006,44.4,8.5,1007.974,392.1,2006-01-01,250.703,310.328,0.38899812891999197,0.4523885534950629
FRA,France,2006,63.44,8.8,1853.267,1193.3,2006-01-01,503.641,519.126,0.6438899521763458,0.4523885534950629
HRV,Croatia,2006,4.31,11.6,40.19795,15.57,2006-01-01,15.94381,18.65282,0.3873331849012201,0.4523885534950629
ITA,Italy,2006,58.14,6.8,1548.473,1588.1,2006-01-01,406.1331,419.0836,1.025591017731662,0.4523885534950629
CYP,Cyprus,2006,0.75,4.6,16.26375,9.5,2006-01-01,8.69071,9.16803,0.584121128276074,0.4523885534950629
LVA,Latvia,2006,2.22,7,17.26313,1.71,2006-01-01,6.90064,10.46927,0.09905503810722621,0.4523885534950629
LTU,Lithuania,2006,3.27,5.8,24.07918,4.15,2006-01-01,13.3929,15.86431,0.172348061686486,0.4523885534950629
LUX,Luxembourg,2006,0.47,4.6,33.80845,2.63,2006-01-01,59.5863,48.803,0.07779120308680226,0.4523885534950629
HUN,Hungary,2006,10.07,7.5,91.3976,62.01,2006-01-01,67.909,68.9079,0.6784642047493589,0.4523885534950629
MLT,Malta,2006,0.41,6.8,5.38614,3.48,2006-01-01,6.64937,6.83116,0.6461027749000211,0.4523885534950629
NLD,Netherlands,2006,16.35,5,579.212,259.7,2006-01-01,401.272,350.695,0.4483677824354468,0.4523885534950629
AUT,Austria,2006,8.27,5.3,266.478,179.4,2006-01-01,135.4551,126.3069,0.6732263076126359,0.4523885534950629
POL,Poland,2006,38.14,13.9,274.6057,131.1,2006-01-01,103.9767,109.6429,0.47741179443835285,0.4523885534950629
PRT,Portugal,2006,10.52,8.9,166.2487,115,2006-01-01,49.73674,63.43381,0.6917347323618169,0.4523885534950629
ROM,Romania,2006,21.19,7.2,98.4175,12.59,2006-01-01,31.55285,43.29624,0.12792440368836844,0.4523885534950629
SVN,Slovenia,2006,2.01,6,31.56116,8.2,2006-01-01,20.41862,20.43371,0.2598130106751463,0.4523885534950629
SVK,Slovakia,2006,5.37,13.5,45.53016,15.25,2006-01-01,36.89156,38.70267,0.3349428159268493,0.4523885534950629
FIN,Finland,2006,5.27,7.7,172.614,65.9,2006-01-01,74.519,67.34,0.3817766809181179,0.4523885534950629
SWE,Sweden,2006,9.08,7.1,334.877,149.7,2006-01-01,161.3772,135.9583,0.4470298049731692,0.4523885534950629
GBR,United Kingdom,2006,60.85,5.4,2135.219,888.7,2006-01-01,571.77,624.7426,0.4162102341727008,0.4523885534950629
BEL,Belgium,2007,10.63,7.5,344.713,300,2007-01-01,267.121,253.959,0.8702891971001964,0.4296971497660321
BGR,Bulgaria,2007,7.55,6.9,32.44911,5.3,2007-01-01,16.99691,23.10757,0.16333267692087702,0.4296971497660321
CZE,Czech Republic,2007,10.3,5.3,138.0062,40.01,2007-01-01,91.847,88.4654,0.289914511087183,0.4296971497660321
DNK,Denmark,2007,5.46,3.8,233.3818,63.8,2007-01-01,120.1509,113.3892,0.2733717882028504,0.4296971497660321
DEU,Germany,2007,82.27,8.5,2513.23,1599.9,2007-01-01,1080.938,913.826,0.6365911595834842,0.4296971497660321
EST,Estonia,2007,1.34,4.6,16.2464,0.595,2007-01-01,10.26702,11.70878,0.036623498128816226,0.4296971497660321
IRL,Ireland,2007,4.4,4.7,197.2934,47.1,2007-01-01,159.3046,142.9937,0.23873074314700848,0.4296971497660321
GRC,Greece,2007,11.05,8.4,232.6946,239.9,2007-01-01,52.40345,81.45266,1.0309650503277688,0.4296971497660321
ESP,Spain,2007,45.23,8.2,1080.807,384.7,2007-01-01,277.851,342.602,0.3559377391153092,0.4296971497660321
FRA,France,2007,63.83,8,1945.67,1252,2007-01-01,527.829,552.946,0.6434801379473395,0.4296971497660321
HRV,Croatia,2007,4.31,9.9,43.926,16.59,2007-01-01,17.13136,20.32366,0.37768064472066654,0.4296971497660321
ITA,Italy,2007,58.44,6.1,1609.551,1606.2,2007-01-01,441.4547,447.237,0.9979180529228339,0.4296971497660321
CYP,Cyprus,2007,0.77,3.9,17.59105,9.37,2007-01-01,9.36879,10.20563,0.5326572319446536,0.4296971497660321
LVA,Latvia,2007,2.2,6.1,22.68054,1.92,2007-01-01,8.72089,13.03497,0.08465406908301125,0.4296971497660321
LTU,Lithuania,2007,3.23,4.3,29.04066,4.61,2007-01-01,14.62439,18.43592,0.15874294867954106,0.4296971497660321
LUX,Luxembourg,2007,0.48,4.2,37.17887,2.87,2007-01-01,67.9957,55.6259,0.07719438487506479,0.4296971497660321
HUN,Hungary,2007,10.06,7.4,101.6916,66.04,2007-01-01,79.6341,78.9313,0.6494145042461719,0.4296971497660321
MLT,Malta,2007,0.41,6.5,5.75748,3.592,2007-01-01,7.45809,7.42563,0.6238840603875306,0.4296971497660321
NLD,Netherlands,2007,16.38,4.2,613.28,262.1,2007-01-01,430.974,376.85,0.4273741194886512,0.4296971497660321
AUT,Austria,2007,8.3,4.9,282.3469,183.8,2007-01-01,148.1902,136.4687,0.6509722614273434,0.4296971497660321
POL,Poland,2007,38.12,9.6,313.8738,145.9,2007-01-01,121.0442,132.1328,0.4648365043530234,0.4296971497660321
PRT,Portugal,2007,10.54,9.1,175.4677,120.1,2007-01-01,54.40507,67.8136,0.6844564555185939,0.4296971497660321
ROM,Romania,2007,20.88,6.4,125.4034,14.76,2007-01-01,36.5489,54.48402,0.11770015804994122,0.4296971497660321
SVN,Slovenia,2007,2.01,4.9,35.152589999999996,8.03,2007-01-01,23.76212,24.21834,0.22843267025274666,0.4296971497660321
SVK,Slovakia,2007,5.37,11.2,56.24163,17.03,2007-01-01,46.83565,47.46518,0.30280061228666383,0.4296971497660321
FIN,Finland,2007,5.29,6.9,186.584,63.4,2007-01-01,82.091,73.102,0.3397933370492647,0.4296971497660321
SWE,Sweden,2007,9.15,6.1,356.434,136,2007-01-01,172.0082,147.1421,0.3815573149587301,0.4296971497660321
GBR,United Kingdom,2007,61.32,5.3,2237.042,877.4,2007-01-01,556.2217,614.5877,0.39221436164363477,0.4296971497660321
BEL,Belgium,2008,10.71,7,354.066,327.6,2008-01-01,282.176,280.463,0.925251224348003,0.4515170936142974
BGR,Bulgaria,2008,7.49,5.6,37.20006,4.85,2008-01-01,19.54619,26.89623,0.13037613380193472,0.4515170936142974
CZE,Czech Republic,2008,10.38,4.4,160.9595,42.82,2008-01-01,101.9911,98.5005,0.26602965342213414,0.4515170936142974
DNK,Denmark,2008,5.49,3.4,241.6137,80.5,2008-01-01,130.8962,122.3831,0.3331764713673107,0.4515170936142974
DEU,Germany,2008,82.11,7.4,2561.74,1668.9,2008-01-01,1113.329,960.269,0.6514712656241461,0.4515170936142974
EST,Estonia,2008,1.34,5.5,16.51727,0.741,2008-01-01,11.03316,11.68187,0.04486213520757365,0.4515170936142974
IRL,Ireland,2008,4.49,6.4,187.6872,79.6,2008-01-01,157.9404,141.7849,0.42410990200716936,0.4515170936142974
GRC,Greece,2008,11.08,7.8,241.9904,264.8,2008-01-01,56.53275,87.03946,1.094258284626167,0.4515170936142974
ESP,Spain,2008,45.95,11.3,1116.207,440.6,2008-01-01,282.589,339.795,0.39472965139978516,0.4515170936142974
FRA,France,2008,64.18,7.4,1995.85,1357.3,2008-01-01,546.588,581.543,0.6800611268381892,0.4515170936142974
HRV,Croatia,2008,4.31,8.6,48.12989,18.7,2008-01-01,18.51906,22.38877,0.3885319496886446,0.4515170936142974
ITA,Italy,2008,58.83,6.7,1632.151,1671.4,2008-01-01,440.102,452.9784,1.0240474073783614,0.4515170936142974
CYP,Cyprus,2008,0.79,3.7,19.00596,8.49,2008-01-01,9.52025,11.9464,0.44670198190462357,0.4515170936142974
LVA,Latvia,2008,2.18,7.7,24.35574,4.51,2008-01-01,9.63082,12.77679,0.18517195535836725,0.4515170936142974
LTU,Lithuania,2008,3.2,5.8,32.69628,4.76,2008-01-01,18.68233,22.46575,0.14558231089285997,0.4515170936142974
LUX,Luxembourg,2008,0.49,4.9,38.12858,5.68,2008-01-01,71.3431,59.6522,0.14896961806602815,0.4515170936142974
HUN,Hungary,2008,10.04,7.8,107.6364,72.64,2008-01-01,85.7282,85.3271,0.6748646368700552,0.4515170936142974
MLT,Malta,2008,0.41,6,6.12868,3.846,2008-01-01,9.09971,9.11493,0.6275413302701397,0.4515170936142974
NLD,Netherlands,2008,16.45,3.7,639.163,350.5,2008-01-01,457.913,402.775,0.5483734196128374,0.4515170936142974
AUT,Austria,2008,8.32,4.1,291.9304,201,2008-01-01,155.1754,142.9587,0.6885202774359915,0.4515170936142974
POL,Poland,2008,38.13,7.1,366.1825,143.3,2008-01-01,138.6257,157.083,0.39133492179446044,0.4515170936142974
PRT,Portugal,2008,10.56,8.8,178.8726,128.2,2008-01-01,55.67458,73.04809,0.716711223518862,0.4515170936142974
ROM,Romania,2008,20.54,5.6,142.3946,17.16,2008-01-01,38.35345,57.22177,0.1205101878863384,0.4515170936142974
SVN,Slovenia,2008,2.02,4.4,37.95119,8.27,2008-01-01,25.08909,25.82029,0.21791148050957032,0.4515170936142974
SVK,Slovakia,2008,5.38,9.6,66.00277,19.49,2008-01-01,52.83214,54.70019,0.29529063704447556,0.4515170936142974
FIN,Finland,2008,5.31,6.4,193.711,63.3,2008-01-01,87.321,80.262,0.3267754541559333,0.4515170936142974
SWE,Sweden,2008,9.22,6.2,352.3157,116.9,2008-01-01,175.4994,153.4195,0.3318046854000546,0.4515170936142974
GBR,United Kingdom,2008,61.81,5.6,1964.438,824.1,2008-01-01,528.4543,586.4599,0.4195092947703109,0.4515170936142974
BEL,Belgium,2009,10.8,7.9,348.781,347.1,2009-01-01,241.739,233.847,0.9951803567281475,0.5523914030031455
BGR,Bulgaria,2009,7.44,6.8,37.31766,5.11,2009-01-01,15.79731,18.88611,0.13693248719239098,0.5523914030031455
CZE,Czech Republic,2009,10.44,6.7,148.3579,50.45,2009-01-01,87.2533,81.4906,0.3400560401569448,0.5523914030031455
DNK,Denmark,2009,5.52,6,231.2769,93,2009-01-01,108.9916,98.591,0.4021153863615432,0.5523914030031455
DEU,Germany,2009,81.9,7.6,2460.28,1785.6,2009-01-01,930.04,808.518,0.7257710504495423,0.5523914030031455
EST,Estonia,2009,1.33,13.5,14.14586,0.996,2009-01-01,8.60135,7.89975,0.07040929289558924,0.5523914030031455
IRL,Ireland,2009,4.54,12,169.7044,104.7,2009-01-01,158.5963,135.6743,0.6169551290361358,0.5523914030031455
GRC,Greece,2009,11.11,9.6,237.5342,301.1,2009-01-01,45.08918,68.31877,1.2676069382850976,0.5523914030031455
ESP,Spain,2009,46.36,17.9,1079.034,569.5,2009-01-01,244.658,257.071,0.5277868908672015,0.5523914030031455
FRA,France,2009,64.5,9.1,1939.017,1530.7,2009-01-01,466.753,494.376,0.7894206187980817,0.5523914030031455
HRV,Croatia,2009,4.31,9.3,45.09051,22.2,2009-01-01,15.56674,17.24193,0.4923430673106159,0.5523914030031455
ITA,Italy,2009,59.1,7.7,1572.878,1770.2,2009-01-01,353.5295,363.8464,1.125452832323931,0.5523914030031455
CYP,Cyprus,2009,0.81,5.4,18.67353,9.96,2009-01-01,9.09911,10.09764,0.5333753178965092,0.5523914030031455
LVA,Latvia,2009,2.14,17.5,18.74883,6.82,2009-01-01,7.98754,8.2914,0.363756031709712,0.5523914030031455
LTU,Lithuania,2009,3.16,13.8,26.93482,7.53,2009-01-01,13.98973,14.44228,0.27956377655391795,0.5523914030031455
LUX,Luxembourg,2009,0.5,5.1,36.97652,5.82,2009-01-01,60.6672,48.7733,0.1573971806973723,0.5523914030031455
HUN,Hungary,2009,10.02,10,93.8098,75.7,2009-01-01,70.1419,66.3342,0.8069519389232256,0.5523914030031455
MLT,Malta,2009,0.41,6.9,6.13862,4.162,2009-01-01,9.06888,9.16119,0.6780025478039038,0.5523914030031455
NLD,Netherlands,2009,16.53,4.4,617.54,351.1,2009-01-01,390.004,344.748,0.5685461670499078,0.5523914030031455
AUT,Austria,2009,8.34,5.3,286.1884,229.2,2009-01-01,128.4867,119.9449,0.8008710346051762,0.5523914030031455
POL,Poland,2009,38.08,8.1,317.0818,165.3,2009-01-01,117.9051,120.6225,0.5213165813995001,0.5523914030031455
PRT,Portugal,2009,10.57,10.7,175.4482,146.7,2009-01-01,47.51262,59.65513,0.836144229464879,0.5523914030031455
ROM,Romania,2009,20.37,6.5,120.4084,27.97,2009-01-01,32.95803,40.67583,0.23229276362778675,0.5523914030031455
SVN,Slovenia,2009,2.04,5.9,36.1662,12.53,2009-01-01,20.7025,20.02662,0.34645608330430067,0.5523914030031455
SVK,Slovakia,2009,5.39,12.1,64.02306,23.24,2009-01-01,43.28551,44.23499,0.36299420864919607,0.5523914030031455
FIN,Finland,2009,5.34,8.2,181.029,75.5,2009-01-01,65.661,62.021,0.4170602500151909,0.5523914030031455
SWE,Sweden,2009,9.3,8.3,309.68,131.7,2009-01-01,137.6599,119.8183,0.42527770601911646,0.5523914030031455
GBR,United Kingdom,2009,62.28,7.6,1705.457,1103.3,2009-01-01,447.3704,485.9308,0.6469233759631582,0.5523914030031455
BEL,Belgium,2010,10.92,8.3,365.101,364.1,2010-01-01,279.114,272.554,0.9972582929107289,0.6078374449109474
BGR,Bulgaria,2010,7.4,10.3,38.23052,5.86,2010-01-01,19.18367,20.27305,0.1532806773227254,0.6078374449109474
CZE,Czech Republic,2010,10.47,7.3,156.3696,60.19,2010-01-01,103.4802,98.6346,0.3849213657897699,0.6078374449109474
DNK,Denmark,2010,5.55,7.5,243.1656,103.5,2010-01-01,122.8544,105.9644,0.4256358629674592,0.6078374449109474
DEU,Germany,2010,81.78,7,2580.06,2088.8,2010-01-01,1090.085,955.982,0.8095935753432092,0.6078374449109474
EST,Estonia,2010,1.33,16.7,14.71653,0.965,2010-01-01,11.04891,10.11348,0.06557252287054081,0.6078374449109474
IRL,Ireland,2010,4.56,13.9,167.1243,144.2,2010-01-01,172.7948,144.9247,0.8628308390820484,0.6078374449109474
GRC,Greece,2010,11.12,12.7,226.0315,330.6,2010-01-01,49.95793,69.45244,1.4626279965403053,0.6078374449109474
ESP,Spain,2010,46.58,19.9,1080.913,650.1,2010-01-01,275.847,289.953,0.6014360082633847,0.6078374449109474
FRA,France,2010,64.82,9.3,1998.481,1631.7,2010-01-01,520.469,558.08,0.8164701090478218,0.6078374449109474
HRV,Croatia,2010,4.3,11.8,45.00453,25.91,2010-01-01,16.98356,17.17381,0.5757198219823648,0.6078374449109474
ITA,Italy,2010,59.28,8.4,1604.515,1851.7,2010-01-01,404.1485,435.7443,1.1540558985113882,0.6078374449109474
CYP,Cyprus,2010,0.83,6.3,19.2995,10.77,2010-01-01,9.69081,11.09298,0.5580455452213788,0.6078374449109474
LVA,Latvia,2010,2.1,19.5,17.78814,8.43,2010-01-01,9.54464,9.8069,0.4739112689690997,0.6078374449109474
LTU,Lithuania,2010,3.1,17.8,28.02766,10.15,2010-01-01,18.31388,18.84009,0.36214225518648363,0.6078374449109474
LUX,Luxembourg,2010,0.51,4.6,40.17781,7.95,2010-01-01,70.1196,56.9072,0.19787041653091594,0.6078374449109474
HUN,Hungary,2010,10,11.2,98.3224,78.43,2010-01-01,80.8687,75.6248,0.7976819117515439,0.6078374449109474
MLT,Malta,2010,0.41,6.9,6.59951,4.463,2010-01-01,10.1141,10.17417,0.6762623285668178,0.6078374449109474
NLD,Netherlands,2010,16.62,5,631.512,374.7,2010-01-01,454.398,401.585,0.5933378938167446,0.6078374449109474
AUT,Austria,2010,8.36,4.8,294.6275,243.9,2010-01-01,150.2707,140.4769,0.8278249654224402,0.6078374449109474
POL,Poland,2010,38.04,9.7,361.8064,193.2,2010-01-01,144.9221,152.1513,0.5339872373733576,0.6078374449109474
PRT,Portugal,2010,10.57,12,179.9298,173.1,2010-01-01,53.75089,67.3506,0.962041862993234,0.6078374449109474
ROM,Romania,2010,20.25,7,126.7476,37.47,2010-01-01,40.94174,48.72528,0.2956268994442498,0.6078374449109474
SVN,Slovenia,2010,2.05,7.3,36.25243,13.91,2010-01-01,23.306,22.78582,0.38369841690612194,0.6078374449109474
SVK,Slovakia,2010,5.39,14.5,67.57729,27.84,2010-01-01,51.5853,52.56689,0.4119727204213131,0.6078374449109474
FIN,Finland,2010,5.36,8.4,187.1,88.2,2010-01-01,72.366,69.998,0.47140566541956175,0.6078374449109474
SWE,Sweden,2010,9.38,8.6,369.0779,150.3,2010-01-01,170.4593,150.2799,0.4072311021602757,0.6078374449109474
GBR,United Kingdom,2010,62.77,7.8,1833.013,1387.6,2010-01-01,517.9462,567.5974,0.75700499669124,0.6078374449109474
BEL,Belgium,2011,11.05,7.2,379.106,388.9,2011-01-01,309.486,307.524,1.0258344631844392,0.6467839563142249
BGR,Bulgaria,2011,7.35,11.3,41.29204,6.28,2011-01-01,24.39082,24.23549,0.15208742411370327,0.6467839563142249
CZE,Czech Republic,2011,10.5,6.7,164.042,62.3,2011-01-01,116.9737,110.692,0.37978078784701474,0.6467839563142249
DNK,Denmark,2011,5.57,7.6,247.8783,114.5,2011-01-01,133.4084,117.5578,0.4619202245618112,0.6467839563142249
DEU,Germany,2011,81.04,5.8,2703.12,2128.3,2011-01-01,1211.489,1079.344,0.7873494332475067,0.6467839563142249
EST,Estonia,2011,1.33,12.3,16.66763,1.011,2011-01-01,14.42412,13.46915,0.06065649405464364,0.6467839563142249
IRL,Ireland,2011,4.58,14.7,173.0702,189.7,2011-01-01,177.3031,145.1427,1.096087021335851,0.6467839563142249
GRC,Greece,2011,11.1,17.9,207.0289,356.3,2011-01-01,52.86568,66.88938,1.721015761567588,0.6467839563142249
ESP,Spain,2011,46.74,21.4,1070.413,744.3,2011-01-01,309.575,312.207,0.695339088744251,0.6467839563142249
FRA,France,2011,65.13,9.2,2059.284,1753.7,2011-01-01,572.553,625.312,0.8516066749413874,0.6467839563142249
HRV,Croatia,2011,4.28,13.7,44.7083,28.75,2011-01-01,18.06462,18.27125,0.6430573293996864,0.6467839563142249
ITA,Italy,2011,59.38,8.4,1637.463,1907.9,2011-01-01,442.2189,467.9319,1.1651560981835927,0.6467839563142249
CYP,Cyprus,2011,0.85,7.9,19.73106,12.87,2011-01-01,10.44318,11.02202,0.6522710893383326,0.6467839563142249
LVA,Latvia,2011,2.06,16.2,20.20281,8.71,2011-01-01,11.6806,12.68627,0.4311281450451695,0.6467839563142249
LTU,Lithuania,2011,3.03,15.4,31.27532,11.63,2011-01-01,23.45505,24.25271,0.3718587052026966,0.6467839563142249
LUX,Luxembourg,2011,0.52,4.8,43.16465,8.07,2011-01-01,76.8286,62.7873,0.1869585413063699,0.6467839563142249
HUN,Hungary,2011,9.96,11,100.8192,72.23,2011-01-01,87.8867,81.7043,0.7164309972703613,0.6467839563142249
MLT,Malta,2011,0.42,6.4,6.8343,4.809,2011-01-01,10.98887,10.81507,0.7036565559018481,0.6467839563142249
NLD,Netherlands,2011,16.69,5,642.929,396.3,2011-01-01,497.347,442.443,0.6163977670940337,0.6467839563142249
AUT,Austria,2011,8.39,4.6,308.6303,254.9,2011-01-01,165.6476,157.8707,0.8259072424191664,0.6467839563142249
POL,Poland,2011,38.06,9.7,380.238,190.2,2011-01-01,161.8425,169.2814,0.5002130244741451,0.6467839563142249
PRT,Portugal,2011,10.56,12.9,176.1666,196.2,2011-01-01,60.40987,67.95194,1.1137184914734122,0.6467839563142249
ROM,Romania,2011,20.15,7.2,133.3064,44.69,2011-01-01,49.11761,56.5381,0.3352427190292439,0.6467839563142249
SVN,Slovenia,2011,2.05,8.2,36.8963,17.2,2011-01-01,25.96539,25.28811,0.4661714047207986,0.6467839563142249
SVK,Slovakia,2011,5.4,13.7,70.62721,30.85,2011-01-01,60.06634,60.71174,0.4368004909156117,0.6467839563142249
FIN,Finland,2011,5.39,7.8,196.869,95.5,2011-01-01,77.093,78.768,0.48509414890104585,0.6467839563142249
SWE,Sweden,2011,9.45,7.8,404.9435,154,2011-01-01,189.0394,169.9897,0.38029996777328196,0.6467839563142249
GBR,United Kingdom,2011,63.26,8.1,1876.141,1590.8,2011-01-01,572.6419,603.8212,0.8479106847513059,0.6467839563142249
BEL,Belgium,2012,11.13,7.6,387.5,404.3,2012-01-01,318.935,316.546,1.0433548387096774,0.6876263218834735
BGR,Bulgaria,2012,7.31,12.3,41.94724,7,2012-01-01,25.50468,26.83554,0.16687629507924717,0.6876263218834735
CZE,Czech Republic,2012,10.51,7,161.4339,71.78,2012-01-01,122.9643,115.2112,0.4446401901954918,0.6876263218834735
DNK,Denmark,2012,5.59,7.5,254.5785,114,2012-01-01,139.0775,123.7519,0.4477990089500881,0.6876263218834735
DEU,Germany,2012,80.43,5.4,2758.26,2204.9,2012-01-01,1268.318,1100.331,0.7993807690355513,0.6876263218834735
EST,Estonia,2012,1.32,10,17.93489,1.746,2012-01-01,15.42211,15.14403,0.09735214433988723,0.6876263218834735
IRL,Ireland,2012,4.59,14.7,175.7525,210,2012-01-01,187.662,157.516,1.1948620930000995,0.6876263218834735
GRC,Greece,2012,11.05,24.5,191.2039,305.1,2012-01-01,54.84492,63.35307,1.5956787492305335,0.6876263218834735
ESP,Spain,2012,46.77,24.8,1039.758,891.5,2012-01-01,319.223,303.95,0.8574110514177337,0.6876263218834735
FRA,France,2012,65.44,9.8,2086.929,1868.4,2012-01-01,595.23,640.24,0.895286806594762,0.6876263218834735
HRV,Croatia,2012,4.27,15.8,43.93385,30.9,2012-01-01,18.26522,18.05734,0.7033301201693,0.6876263218834735
ITA,Italy,2012,59.54,10.7,1613.265,1990,2012-01-01,461.1739,445.2372,1.2335233207191627,0.6876263218834735
CYP,Cyprus,2012,0.86,11.9,19.46697,15.43,2012-01-01,10.41615,10.70482,0.7926246354722897,0.6876263218834735
LVA,Latvia,2012,2.03,15,22.05932,9.09,2012-01-01,13.52446,14.5054,0.41207072566153446,0.6876263218834735
LTU,Lithuania,2012,2.99,13.4,33.34825,13.26,2012-01-01,27.22007,26.93321,0.39762206412630346,0.6876263218834735
LUX,Luxembourg,2012,0.53,5.1,44.1121,9.58,2012-01-01,82.2445,68.558,0.21717397267416425,0.6876263218834735
HUN,Hungary,2012,9.92,11,99.0858,76.68,2012-01-01,85.9756,79.3239,0.773874763084115,0.6876263218834735
MLT,Malta,2012,0.42,6.3,7.15957,4.873,2012-01-01,11.88075,11.53499,0.6806274678507229,0.6876263218834735
NLD,Netherlands,2012,16.75,5.8,645.164,428.3,2012-01-01,528.623,466.677,0.6638622117787105,0.6876263218834735
AUT,Austria,2012,8.43,4.9,317.117,260.1,2012-01-01,170.5988,162.374,0.8202020074609687,0.6876263218834735
POL,Poland,2012,38.06,10.1,389.3654,214.8,2012-01-01,173.0515,174.7658,0.5516668918193552,0.6876263218834735
PRT,Portugal,2012,10.51,15.8,168.398,212.6,2012-01-01,63.50384,64.35899,1.2624853026758038,0.6876263218834735
ROM,Romania,2012,20.06,6.8,133.5111,49.92,2012-01-01,50.01872,56.6589,0.37390149583068377,0.6876263218834735
SVN,Slovenia,2012,2.06,8.9,36.0025,19.4,2012-01-01,26.38051,24.85881,0.5388514686480106,0.6876263218834735
SVK,Slovakia,2012,5.41,14,72.70351,37.93,2012-01-01,66.47291,63.80733,0.5217079615550887,0.6876263218834735
FIN,Finland,2012,5.41,7.7,199.793,107.7,2012-01-01,78.881,81.764,0.5390579249523256,0.6876263218834735
SWE,Sweden,2012,9.52,8,423.3424,162.2,2012-01-01,196.1055,175.2294,0.38314140043614814,0.6876263218834735
GBR,United Kingdom,2012,63.7,7.9,2065.735,1745.9,2012-01-01,615.5619,661.6037,0.8451713312694997,0.6876263218834735
BEL,Belgium,2013,11.18,8.4,391.712,413.7,2013-01-01,320.461,315.988,1.0561330773629605,0.7221310523493829
BGR,Bulgaria,2013,7.27,13,42.0115,7.15,2013-01-01,27.16149,27.33365,0.17019149518584198,0.7221310523493829
CZE,Czech Republic,2013,10.51,7,157.7434,67.1,2013-01-01,121.2588,112.1669,0.4253743738248319,0.7221310523493829
DNK,Denmark,2013,5.61,7,258.7418,113.9,2013-01-01,141.8651,124.7688,0.4402071872422624,0.7221310523493829
DEU,Germany,2013,80.65,5.2,2826.24,2189.8,2013-01-01,1284.744,1116.353,0.7748103487318841,0.7221310523493829
EST,Estonia,2013,1.32,8.6,18.89013,1.924,2013-01-01,15.95556,15.59129,0.10185213124525877,0.7221310523493829
IRL,Ireland,2013,4.6,13.1,180.2093,215.3,2013-01-01,191.183,157.314,1.1947219150177044,0.7221310523493829
GRC,Greece,2013,10.97,27.5,180.6543,320.5,2013-01-01,54.83477,59.91528,1.7741066777818186,0.7221310523493829
ESP,Spain,2013,46.62,26.1,1025.634,979,2013-01-01,330.453,297.062,0.954531538541039,0.7221310523493829
FRA,France,2013,65.77,10.3,2115.256,1952.9,2013-01-01,605.134,644.957,0.9232452242187235,0.7221310523493829
HRV,Croatia,2013,4.25,17.4,43.487,35.51,2013-01-01,18.71233,18.51094,0.8165658702600777,0.7221310523493829
ITA,Italy,2013,60.23,12.1,1604.599,2070.2,2013-01-01,463.1289,426.8876,1.2901665774439595,0.7221310523493829
CYP,Cyprus,2013,0.86,15.9,18.11822,18.52,2013-01-01,10.63911,10.30826,1.0221754675680061,0.7221310523493829
LVA,Latvia,2013,2.01,11.9,22.83017,8.89,2013-01-01,13.76759,14.49858,0.389397012812432,0.7221310523493829
LTU,Lithuania,2013,2.96,11.8,35.00205,13.55,2013-01-01,29.38787,28.95062,0.3871201829607124,0.7221310523493829
LUX,Luxembourg,2013,0.54,5.9,46.5514,10.89,2013-01-01,89.4408,74.2861,0.23393496221381097,0.7221310523493829
HUN,Hungary,2013,9.89,10.2,101.4823,77.69,2013-01-01,87.2745,80.1679,0.7655522194510767,0.7221310523493829
MLT,Malta,2013,0.42,6.4,7.63099,5.246,2013-01-01,12.07004,11.55479,0.6874599494954129,0.7221310523493829
NLD,Netherlands,2013,16.8,7.3,652.748,442.2,2013-01-01,535.32,465.502,0.6774436689197055,0.7221310523493829
AUT,Austria,2013,8.48,5.4,322.5392,262.3,2013-01-01,171.5662,163.2391,0.8132344843665514,0.7221310523493829
POL,Poland,2013,38.04,10.3,394.7222,222.1,2013-01-01,182.8405,175.1519,0.5626742047951698,0.7221310523493829
PRT,Portugal,2013,10.46,16.4,170.2693,219.7,2013-01-01,67.28393,65.57271,1.290308940014436,0.7221310523493829
ROM,Romania,2013,19.98,7.1,144.2538,53.85,2013-01-01,57.3383,58.45733,0.37330039139350224,0.7221310523493829
SVN,Slovenia,2013,2.06,10.1,35.91708,25.5,2013-01-01,27.00485,24.98786,0.7099686277392261,0.7221310523493829
SVK,Slovakia,2013,5.41,14.2,74.16987,40.6,2013-01-01,69.58581,66.4458,0.5473920879192589,0.7221310523493829
FIN,Finland,2013,5.44,8.2,203.338,114.8,2013-01-01,78.924,80.724,0.5645772064247706,0.7221310523493829
SWE,Sweden,2013,9.6,8,435.7502,172.1,2013-01-01,190.8616,171.2193,0.39495105223130134,0.7221310523493829
GBR,United Kingdom,2013,64.13,7.6,2048.339,1799,2013-01-01,609.5246,655.7275,0.8782725906209861,0.7221310523493829
BEL,Belgium,2014,11.23,8.5,400.805,427.5,2014-01-01,333.478,329.805,1.066603460535672,0.7335571867153241
BGR,Bulgaria,2014,7.22,11.4,42.7622,11.53,2014-01-01,27.80074,28.20403,0.26963065511128986,0.7335571867153241
CZE,Czech Republic,2014,10.53,6.1,156.6608,65.59,2014-01-01,129.3167,119.3461,0.4186752525200944,0.7335571867153241
DNK,Denmark,2014,5.64,6.6,265.2316,116.8,2014-01-01,144.5986,126.1418,0.44036985034965664,0.7335571867153241
DEU,Germany,2014,80.98,5,2923.93,2189.6,2014-01-01,1334.833,1144.106,0.7488551367508798,0.7335571867153241
EST,Estonia,2014,1.32,7.4,19.75825,2.108,2014-01-01,16.4106,15.71517,0.10668961066896107,0.7335571867153241
IRL,Ireland,2014,4.62,11.3,193.1596,203.3,2014-01-01,219.79,185.182,1.0524975201853803,0.7335571867153241
GRC,Greece,2014,10.89,26.5,177.9406,319.7,2014-01-01,57.83746,62.17087,1.7966669776318616,0.7335571867153241
ESP,Spain,2014,46.48,24.5,1037.025,1041.6,2014-01-01,338.769,313.698,1.0044116583496057,0.7335571867153241
FRA,France,2014,66.22,10.3,2139.964,2038,2014-01-01,619.459,661.983,0.952352469480795,0.7335571867153241
HRV,Croatia,2014,4.24,17.2,42.97767,37.11,2014-01-01,19.95309,19.09172,0.8634716586543663,0.7335571867153241
ITA,Italy,2014,60.79,12.7,1621.827,2137.2,2014-01-01,475.301,429.0261,1.3177731040363736,0.7335571867153241
CYP,Cyprus,2014,0.85,16.1,17.56735,18.82,2014-01-01,10.9256,10.56494,1.0713055753998184,0.7335571867153241
LVA,Latvia,2014,1.99,10.8,23.63115,9.66,2014-01-01,14.0678,14.51541,0.4087824756729994,0.7335571867153241
LTU,Lithuania,2014,2.93,10.7,36.59005,14.83,2014-01-01,29.59943,28.8985,0.40530144123880674,0.7335571867153241
LUX,Luxembourg,2014,0.56,6,49.97089,11.21,2014-01-01,103.0908,86.1098,0.2243306052783931,0.7335571867153241
HUN,Hungary,2014,9.87,7.7,104.9547,77.69,2014-01-01,93.0478,85.7621,0.7402241157375515,0.7335571867153241
MLT,Malta,2014,0.43,5.8,8.43299,5.421,2014-01-01,12.64389,11.58145,0.6428324947616445,0.7335571867153241
NLD,Netherlands,2014,16.87,7.4,663.008,450.5,2014-01-01,547.415,475.53,0.679478980645784,0.7335571867153241
AUT,Austria,2014,8.54,5.6,330.4176,279,2014-01-01,175.1747,164.271,0.8443860133358514,0.7335571867153241
POL,Poland,2014,38.01,9,410.9937,202.2,2014-01-01,195.5878,189.6632,0.4919783441935971,0.7335571867153241
PRT,Portugal,2014,10.4,14.1,173.0791,226,2014-01-01,69.36035,69.03324,1.3057613542016338,0.7335571867153241
ROM,Romania,2014,19.91,6.8,150.3567,58.7,2014-01-01,61.93445,62.59616,0.390404950361374,0.7335571867153241
SVN,Slovenia,2014,2.06,9.7,37.33239,30.2,2014-01-01,28.51809,25.73629,0.8089490118366385,0.7335571867153241
SVK,Slovakia,2014,5.42,13.2,75.94636,40.73,2014-01-01,69.72111,67.01223,0.5362995672208648,0.7335571867153241
FIN,Finland,2014,5.46,8.7,205.474,123.7,2014-01-01,76.482,78.393,0.602022640334057,0.7335571867153241
SWE,Sweden,2014,9.7,7.9,432.6899,189.6,2014-01-01,194.8539,176.1805,0.43818910494559726,0.7335571867153241
GBR,United Kingdom,2014,64.61,6.1,2260.804,2060.4,2014-01-01,634.7117,679.6467,0.91135719858952835,0.7335571867153241
BEL,Belgium,2015,11.27,8.5,410.351,434.8,2015-01-01,340.295,333.443,1.0595807004247584,0.7162257961932327
BGR,Bulgaria,2015,7.18,9.2,45.2865,11.77,2015-01-01,29.0319,28.965,0.25990085345522396,0.7162257961932327
CZE,Czech Republic,2015,10.55,5.1,166.963,67.95,2015-01-01,138.5046,128.2695,0.406976395967969,0.7162257961932327
DNK,Denmark,2015,5.68,6.2,271.7863,107.4,2015-01-01,150.0994,129.9835,0.3951634059553407,0.7162257961932327
DEU,Germany,2015,81.69,4.6,3032.82,2158.8,2015-01-01,1418.789,1189.25,0.7118127683146379,0.7162257961932327
EST,Estonia,2015,1.32,6.2,20.25168,2.036,2015-01-01,16.05669,15.21656,0.1005348692059128,0.7162257961932327
IRL,Ireland,2015,4.68,9.4,255.8151,201.4,2015-01-01,317.197,235.985,0.7872873806120124,0.7162257961932327
GRC,Greece,2015,10.82,24.9,175.6974,311.7,2015-01-01,56.07384,55.82129,1.7740729231052936,0.7162257961932327
ESP,Spain,2015,46.45,22.1,1075.639,1073.9,2015-01-01,356.873,330.527,0.9983832865859272,0.7162257961932327
FRA,France,2015,66.62,10.4,2181.064,2098.2,2015-01-01,654.922,684.96,0.9620075339375644,0.7162257961932327
HRV,Croatia,2015,4.21,16.1,43.84686,37.91,2015-01-01,21.91242,20.70625,0.8646001104754136,0.7162257961932327
ITA,Italy,2015,60.73,11.9,1645.439,2172.9,2015-01-01,493.9343,446.0418,1.3205594373294909,0.7162257961932327
CYP,Cyprus,2015,0.85,15,17.63718,18.96,2015-01-01,10.7971,10.7381,1.0750017859998027,0.7162257961932327
LVA,Latvia,2015,1.98,9.9,24.36827,8.9,2015-01-01,14.36066,14.63625,0.36522904580423643,0.7162257961932327
LTU,Lithuania,2015,2.9,9.1,37.3305,15.94,2015-01-01,28.31996,28.56265,0.42699669171321036,0.7162257961932327
LUX,Luxembourg,2015,0.57,6.5,52.33972,11.31,2015-01-01,118.8706,100.71,0.21608827865338218,0.7162257961932327
HUN,Hungary,2015,9.84,6.8,109.6758,80.4,2015-01-01,99.5052,89.7326,0.7330696470871424,0.7162257961932327
MLT,Malta,2015,0.43,5.4,9.27579,5.622,2015-01-01,13.35607,12.62975,0.6060939283877707,0.7162257961932327
NLD,Netherlands,2015,16.94,6.9,676.531,441,2015-01-01,557.89,484.963,0.6518548300077898,0.7162257961932327
AUT,Austria,2015,8.63,5.7,339.896,290.5,2015-01-01,180.3495,166.7257,0.8546731941535057,0.7162257961932327
POL,Poland,2015,37.99,7.5,430.0359,215.7,2015-01-01,212.966,199.6583,0.5015860303756035,0.7162257961932327
PRT,Portugal,2015,10.36,12.6,179.5043,231.5,2015-01-01,72.80835,71.50273,1.2896626988879931,0.7162257961932327
ROM,Romania,2015,19.82,6.8,159.9632,59.71,2015-01-01,65.75922,66.74282,0.37327335287116037,0.7162257961932327
SVN,Slovenia,2015,2.06,9,38.57001,32.07,2015-01-01,30.05986,26.54331,0.8314750242481139,0.7162257961932327
SVK,Slovakia,2015,5.42,11.5,78.68561,41.29,2015-01-01,73.56175,71.65363,0.5247465197257796,0.7162257961932327
FIN,Finland,2015,5.48,9.4,209.511,133.4,2015-01-01,77.186,77.81,0.6367207449728177,0.7162257961932327
SWE,Sweden,2015,9.8,7.4,447.0113,199.9,2015-01-01,203.793,182.575,0.44719227455771254,0.7162257961932327
GBR,United Kingdom,2015,65.13,5.3,2580.081,2269.9,2015-01-01,712.8972,753.9368,0.8797785805949503,0.7162257961932327
BEL,Belgium,2016,11.33,7.8,421.974,446.8,2016-01-01,356.035,343.15,1.0588330086687805,0.7093141323894537
BGR,Bulgaria,2016,7.16,7.6,47.36407,13.97,2016-01-01,30.10713,28.65887,0.2949493149554082,0.7093141323894537
CZE,Czech Republic,2016,10.57,4,174.4104,64.95,2016-01-01,140.1246,127.2724,0.3723975175792269,0.7093141323894537
DNK,Denmark,2016,5.73,6.2,276.8053,104.7,2016-01-01,146.981,127.948,0.37824420269409587,0.7093141323894537
DEU,Germany,2016,82.49,4.1,3132.67,2140.4,2016-01-01,1441.387,1202.635,0.6832510286752196,0.7093141323894537
EST,Estonia,2016,1.32,6.8,20.91643,1.984,2016-01-01,16.64815,15.81919,0.09485366288606613,0.7093141323894537
IRL,Ireland,2016,4.75,7.9,265.8348,200.6,2016-01-01,318.817,257.159,0.7546039871378767,0.7093141323894537
GRC,Greece,2016,10.78,23.6,175.8879,314.9,2016-01-01,53.03653,54.21604,1.790344873069722,0.7093141323894537
ESP,Spain,2016,46.44,19.6,1113.851,1107,2016-01-01,368.322,335.908,0.99384926709227706,0.7093141323894537
FRA,France,2016,66.79,10.1,2225.26,2147.4,2016-01-01,655.967,694.308,0.9650108301951232,0.7093141323894537
HRV,Croatia,2016,4.18,13.3,45.55709,38.24,2016-01-01,23.41745,21.96605,0.8393863611569571,0.7093141323894537
ITA,Italy,2016,60.62,11.7,1672.438,2217.9,2016-01-01,501.4727,443.5903,1.3261478153450232,0.7093141323894537
CYP,Cyprus,2016,0.85,13.1,17.9014,19.3,2016-01-01,11.1023,11.1767,1.0781279676449889,0.7093141323894537
LVA,Latvia,2016,1.96,9.6,25.02133,10.04,2016-01-01,14.5099,14.37307,0.4012576469756004,0.7093141323894537
LTU,Lithuania,2016,2.87,7.9,38.63103,15.54,2016-01-01,28.57959,28.04627,0.4022672965230282,0.7093141323894537
LUX,Luxembourg,2016,0.58,6.3,54.1949,10.85,2016-01-01,123.5305,103.8033,0.20020334016669467,0.7093141323894537
HUN,Hungary,2016,9.82,5.1,112.3994,83.66,2016-01-01,103.978,92.3866,0.7443100230072403,0.7093141323894537
MLT,Malta,2016,0.44,4.7,9.89798,5.766,2016-01-01,13.99848,12.81812,0.5825431047547075,0.7093141323894537
NLD,Netherlands,2016,17.03,6,697.219,434.1,2016-01-01,561.977,486.274,0.622616423247215,0.7093141323894537
AUT,Austria,2016,8.74,6,349.493,295.7,2016-01-01,182.4921,169.1863,0.8460827541610275,0.7093141323894537
POL,Poland,2016,37.96,6.2,424.2684,228.2,2016-01-01,221.816,205.3267,0.5378670671678588,0.7093141323894537
PRT,Portugal,2016,10.33,11.2,184.9312,241.1,2016-01-01,74.47293,72.26171,1.3037280891488294,0.7093141323894537
ROM,Romania,2016,19.76,5.9,169.5771,63.01,2016-01-01,70.18147,71.77265,0.3715713973172085,0.7093141323894537
SVN,Slovenia,2016,2.06,8,39.76908,31.68,2016-01-01,31.44003,27.60751,0.7965987646684308,0.7093141323894537
SVK,Slovakia,2016,5.43,9.7,80.958,42.05,2016-01-01,75.95045,72.92882,0.5194051236443588,0.7093141323894537
FIN,Finland,2016,5.5,8.8,214.062,136.1,2016-01-01,75.677,78.262,0.6357971055114873,0.7093141323894537
SWE,Sweden,2016,9.92,6.9,462.4167,190.6,2016-01-01,205.1389,183.7653,0.41218234549055,0.7093141323894537
GBR,United Kingdom,2016,65.59,4.8,2366.903,2022.2,2016-01-01,668.2139,713.3961,0.8543653880197035,0.7093141323894537
BEL,Belgium,2017,11.43,7.6,436.2802,460.9,2017-01-01,380.3864,365.9176,1.0564311651090286,0.7022089102612037
BGR,Bulgaria,2017,7.1,7,49.21357,13.2,2017-01-01,32.01018,30.78053,0.26821870471904397,0.7022089102612037
CZE,Czech Republic,2017,10.59,3.5,183.5915,66.5,2017-01-01,151.0521,138.0585,0.36221720504489585,0.7022089102612037
DNK,Denmark,2017,5.77,5.8,286.3466,105.2,2017-01-01,157.1524,137.5157,0.36738693597200034,0.7022089102612037
DEU,Germany,2017,83.15,4,3228.436,2125.5,2017-01-01,1527.946,1299.492,0.6583683244766196,0.7022089102612037
EST,Estonia,2017,1.32,7.7,22.15976,2.102,2017-01-01,17.98378,17.33503,0.09485662299591692,0.7022089102612037
IRL,Ireland,2017,4.8,6.4,279.7174,205.7,2017-01-01,336.1178,271.8579,0.7353850707893037,0.7022089102612037
GRC,Greece,2017,10.78,22.8,181.6492,324.7,2017-01-01,58.04085,59.25502,1.7875113130143154,0.7022089102612037
ESP,Spain,2017,46.45,17.6,1156.949,1147.2,2017-01-01,396.8763,365.2444,0.9915735265772303,0.7022089102612037
FRA,France,2017,67.1,9.9,2275.277,2204.6,2017-01-01,692.5744,736.6797,0.9689369689932258,0.7022089102612037
HRV,Croatia,2017,4.15,11.6,48.06756,39.35,2017-01-01,25.50209,24.31968,0.8186394316665959,0.7022089102612037
ITA,Italy,2017,60.58,11.5,1701.376,2265,2017-01-01,533.7778,487.4838,1.3312753912127595,0.7022089102612037
CYP,Cyprus,2017,0.85,11.7,18.48828,19.12,2017-01-01,11.64656,11.75693,1.0341686733433288,0.7022089102612037
LVA,Latvia,2017,1.95,9.2,26.61673,10.24,2017-01-01,15.7119,16.13214,0.38472043710854037,0.7022089102612037
LTU,Lithuania,2017,2.83,7.6,40.90972,17.36,2017-01-01,31.10992,30.99193,0.4243490300104718,0.7022089102612037
LUX,Luxembourg,2017,0.6,6.1,57.90043,12.73,2017-01-01,134.0056,112.8598,0.21986019792944544,0.7022089102612037
HUN,Hungary,2017,9.8,4.1,119.8168,86.93,2017-01-01,111.3314,101.6889,0.7255243004319929,0.7022089102612037
MLT,Malta,2017,0.44,4.9,10.51741,5.866,2017-01-01,14.88863,13.66252,0.5577418775154719,0.7022089102612037
NLD,Netherlands,2017,17.14,4.9,718.41010000000006,429.4,2017-01-01,601.2717,526.9583,0.5977087460212488,0.7022089102612037
AUT,Austria,2017,8.81,5.9,360.335,298.3,2017-01-01,191.0091,177.5949,0.8278407592934354,0.7022089102612037
POL,Poland,2017,37.96,5.2,456.0235,249.2,2017-01-01,248.5136,233.5727,0.5464630660481312,0.7022089102612037
PRT,Portugal,2017,10.31,9.9,190.8794,245.2,2017-01-01,79.63312,78.17003,1.2845807352705425,0.7022089102612037
ROM,Romania,2017,19.58,5.4,178.3123,70.03,2017-01-01,77.56367,80.99191,0.3927379098357208,0.7022089102612037
SVN,Slovenia,2017,2.07,7.2,41.70708,32.43,2017-01-01,34.19949,30.32594,0.77756582335661,0.7022089102612037
SVK,Slovakia,2017,5.43,8.6,84.03853,43.32,2017-01-01,81.8675,79.1965,0.5154778409379602,0.7022089102612037
FIN,Finland,2017,5.52,8.6,217.9116,142.7,2017-01-01,80.80318,84.3476,0.6548527017377689,0.7022089102612037
SWE,Sweden,2017,10.06,6.6,480.0698,187.8,2017-01-01,221.1545,196.3698,0.391193114001339,0.7022089102612037
GBR,United Kingdom,2017,66.05,5,2357.425,2089.3,2017-01-01,692.2036,743.1786,0.8862636139007604,0.7022089102612037
